sale_id,product_id,name,category,price,quantity,sale_date,total_price,year,month,day,day_of_week,week_of_year,is_weekend,log_price,log_quantity
274,14,Samsung 49-Inch CHG90 144Hz Curved Gaming Monitor (LC49HG90DMNXZA) – Super Ultrawide Screen QLED ,electronics,999.99,2,2026-04-09,1999.98,2026,4,9,3,15,0,6.90874478925533,1.0986122886681098
146,8,Pierced Owl Rose Gold Plated Stainless Steel Double,jewelery,10.99,4,2026-04-09,43.96,2026,4,9,3,15,0,2.4840729690394228,1.6094379124341003
39,3,Mens Cotton Jacket,men's clothing,55.99,1,2026-04-09,55.99,2026,4,9,3,15,0,4.0428758138469085,0.6931471805599453
318,16,Lock and Love Women's Removable Hooded Faux Leather Moto Biker Jacket,women's clothing,29.95,1,2026-04-09,29.95,2026,4,9,3,15,0,3.432372999130605,0.6931471805599453
98,6,Solid Gold Petite Micropave ,jewelery,168.0,3,2026-04-09,504.0,2026,4,9,3,15,0,5.1298987149230735,1.3862943611198906
325,16,Lock and Love Women's Removable Hooded Faux Leather Moto Biker Jacket,women's clothing,29.95,1,2026-04-09,29.95,2026,4,9,3,15,0,3.432372999130605,0.6931471805599453
231,12,WD 4TB Gaming Drive Works with Playstation 4 Portable External Hard Drive,electronics,114.0,5,2026-04-09,570.0,2026,4,9,3,15,0,4.74493212836325,1.791759469228055
218,12,WD 4TB Gaming Drive Works with Playstation 4 Portable External Hard Drive,electronics,114.0,2,2026-04-09,228.0,2026,4,9,3,15,0,4.74493212836325,1.0986122886681098
279,14,Samsung 49-Inch CHG90 144Hz Curved Gaming Monitor (LC49HG90DMNXZA) – Super Ultrawide Screen QLED ,electronics,999.99,5,2026-04-09,4999.95,2026,4,9,3,15,0,6.90874478925533,1.791759469228055
341,17,Rain Jacket Women Windbreaker Striped Climbing Raincoats,women's clothing,39.99,2,2026-04-09,79.98,2026,4,9,3,15,0,3.7133281345162463,1.0986122886681098
241,13,Acer SB220Q bi 21.5 inches Full HD (1920 x 1080) IPS Ultra-Thin,electronics,599.0,5,2026-04-09,2995.0,2026,4,9,3,15,0,6.396929655216146,1.791759469228055
68,5,John Hardy Women's Legends Naga Gold & Silver Dragon Station Chain Bracelet,jewelery,695.0,5,2026-04-10,3475.0,2026,4,10,4,15,0,6.54534966033442,1.791759469228055
135,8,Pierced Owl Rose Gold Plated Stainless Steel Double,jewelery,10.99,4,2026-04-10,43.96,2026,4,10,4,15,0,2.4840729690394228,1.6094379124341003
117,7,White Gold Plated Princess,jewelery,9.99,2,2026-04-10,19.98,2026,4,10,4,15,0,2.39698576841553,1.0986122886681098
225,12,WD 4TB Gaming Drive Works with Playstation 4 Portable External Hard Drive,electronics,114.0,1,2026-04-10,114.0,2026,4,10,4,15,0,4.74493212836325,0.6931471805599453
154,9,WD 2TB Elements Portable External Hard Drive - USB 3.0 ,electronics,64.0,1,2026-04-10,64.0,2026,4,10,4,15,0,4.174387269895637,0.6931471805599453
196,11,Silicon Power 256GB SSD 3D NAND A55 SLC Cache Performance Boost SATA III 2.5,electronics,109.0,2,2026-04-10,218.0,2026,4,10,4,15,0,4.700480365792417,1.0986122886681098
327,16,Lock and Love Women's Removable Hooded Faux Leather Moto Biker Jacket,women's clothing,29.95,2,2026-04-10,59.9,2026,4,10,4,15,0,3.432372999130605,1.0986122886681098
83,6,Solid Gold Petite Micropave ,jewelery,168.0,3,2026-04-10,504.0,2026,4,10,4,15,0,5.1298987149230735,1.3862943611198906
321,16,Lock and Love Women's Removable Hooded Faux Leather Moto Biker Jacket,women's clothing,29.95,4,2026-04-10,119.8,2026,4,10,4,15,0,3.432372999130605,1.6094379124341003
265,13,Acer SB220Q bi 21.5 inches Full HD (1920 x 1080) IPS Ultra-Thin,electronics,599.0,2,2026-04-10,1198.0,2026,4,10,4,15,0,6.396929655216146,1.0986122886681098
362,18,MBJ Women's Solid Short Sleeve Boat Neck V ,women's clothing,9.85,5,2026-04-10,49.25,2026,4,10,4,15,0,2.3841650799864684,1.791759469228055
373,19,Opna Women's Short Sleeve Moisture,women's clothing,7.95,2,2026-04-10,15.9,2026,4,10,4,15,0,2.191653532286764,1.0986122886681098
114,7,White Gold Plated Princess,jewelery,9.99,2,2026-04-10,19.98,2026,4,10,4,15,0,2.39698576841553,1.0986122886681098
150,8,Pierced Owl Rose Gold Plated Stainless Steel Double,jewelery,10.99,5,2026-04-10,54.95,2026,4,10,4,15,0,2.4840729690394228,1.791759469228055
352,17,Rain Jacket Women Windbreaker Striped Climbing Raincoats,women's clothing,39.99,2,2026-04-10,79.98,2026,4,10,4,15,0,3.7133281345162463,1.0986122886681098
315,16,Lock and Love Women's Removable Hooded Faux Leather Moto Biker Jacket,women's clothing,29.95,2,2026-04-10,59.9,2026,4,10,4,15,0,3.432372999130605,1.0986122886681098
116,7,White Gold Plated Princess,jewelery,9.99,2,2026-04-10,19.98,2026,4,10,4,15,0,2.39698576841553,1.0986122886681098
302,15,BIYLACLESEN Women's 3-in-1 Snowboard Jacket Winter Coats,women's clothing,56.99,4,2026-04-10,227.96,2026,4,10,4,15,0,4.060270581888349,1.6094379124341003
5,1,"Fjallraven - Foldsack No. 1 Backpack, Fits 15 Laptops",men's clothing,109.95,1,2026-04-10,109.95,2026,4,10,4,15,0,4.709079649378603,0.6931471805599453
276,14,Samsung 49-Inch CHG90 144Hz Curved Gaming Monitor (LC49HG90DMNXZA) – Super Ultrawide Screen QLED ,electronics,999.99,1,2026-04-11,999.99,2026,4,11,5,15,1,6.90874478925533,0.6931471805599453
310,15,BIYLACLESEN Women's 3-in-1 Snowboard Jacket Winter Coats,women's clothing,56.99,1,2026-04-11,56.99,2026,4,11,5,15,1,4.060270581888349,0.6931471805599453
109,7,White Gold Plated Princess,jewelery,9.99,5,2026-04-11,49.95,2026,4,11,5,15,1,2.39698576841553,1.791759469228055
403,20,DANVOUY Womens T Shirt Casual Cotton Short,women's clothing,12.99,3,2026-04-11,38.97,2026,4,11,5,15,1,2.63834278867739,1.3862943611198906
397,20,DANVOUY Womens T Shirt Casual Cotton Short,women's clothing,12.99,5,2026-04-11,64.95,2026,4,11,5,15,1,2.63834278867739,1.791759469228055
20,2,Mens Casual Premium Slim Fit T-Shirts ,men's clothing,22.3,3,2026-04-11,66.9,2026,4,11,5,15,1,3.1484533605716547,1.3862943611198906
28,3,Mens Cotton Jacket,men's clothing,55.99,3,2026-04-11,167.97,2026,4,11,5,15,1,4.0428758138469085,1.3862943611198906
42,3,Mens Cotton Jacket,men's clothing,55.99,5,2026-04-11,279.95,2026,4,11,5,15,1,4.0428758138469085,1.791759469228055
216,12,WD 4TB Gaming Drive Works with Playstation 4 Portable External Hard Drive,electronics,114.0,1,2026-04-11,114.0,2026,4,11,5,15,1,4.74493212836325,0.6931471805599453
174,10,SanDisk SSD PLUS 1TB Internal SSD - SATA III 6 Gb/s,electronics,109.0,3,2026-04-11,327.0,2026,4,11,5,15,1,4.700480365792417,1.3862943611198906
353,17,Rain Jacket Women Windbreaker Striped Climbing Raincoats,women's clothing,39.99,2,2026-04-11,79.98,2026,4,11,5,15,1,3.7133281345162463,1.0986122886681098
347,17,Rain Jacket Women Windbreaker Striped Climbing Raincoats,women's clothing,39.99,4,2026-04-11,159.96,2026,4,11,5,15,1,3.7133281345162463,1.6094379124341003
342,17,Rain Jacket Women Windbreaker Striped Climbing Raincoats,women's clothing,39.99,2,2026-04-11,79.98,2026,4,11,5,15,1,3.7133281345162463,1.0986122886681098
405,20,DANVOUY Womens T Shirt Casual Cotton Short,women's clothing,12.99,2,2026-04-11,25.98,2026,4,11,5,15,1,2.63834278867739,1.0986122886681098
335,16,Lock and Love Women's Removable Hooded Faux Leather Moto Biker Jacket,women's clothing,29.95,5,2026-04-11,149.75,2026,4,11,5,15,1,3.432372999130605,1.791759469228055
118,7,White Gold Plated Princess,jewelery,9.99,2,2026-04-11,19.98,2026,4,11,5,15,1,2.39698576841553,1.0986122886681098
168,9,WD 2TB Elements Portable External Hard Drive - USB 3.0 ,electronics,64.0,5,2026-04-11,320.0,2026,4,11,5,15,1,4.174387269895637,1.791759469228055
209,11,Silicon Power 256GB SSD 3D NAND A55 SLC Cache Performance Boost SATA III 2.5,electronics,109.0,5,2026-04-12,545.0,2026,4,12,6,15,1,4.700480365792417,1.791759469228055
239,13,Acer SB220Q bi 21.5 inches Full HD (1920 x 1080) IPS Ultra-Thin,electronics,599.0,3,2026-04-12,1797.0,2026,4,12,6,15,1,6.396929655216146,1.3862943611198906
278,14,Samsung 49-Inch CHG90 144Hz Curved Gaming Monitor (LC49HG90DMNXZA) – Super Ultrawide Screen QLED ,electronics,999.99,5,2026-04-12,4999.95,2026,4,12,6,15,1,6.90874478925533,1.791759469228055
203,11,Silicon Power 256GB SSD 3D NAND A55 SLC Cache Performance Boost SATA III 2.5,electronics,109.0,1,2026-04-12,109.0,2026,4,12,6,15,1,4.700480365792417,0.6931471805599453
361,18,MBJ Women's Solid Short Sleeve Boat Neck V ,women's clothing,9.85,5,2026-04-12,49.25,2026,4,12,6,15,1,2.3841650799864684,1.791759469228055
194,11,Silicon Power 256GB SSD 3D NAND A55 SLC Cache Performance Boost SATA III 2.5,electronics,109.0,5,2026-04-12,545.0,2026,4,12,6,15,1,4.700480365792417,1.791759469228055
376,19,Opna Women's Short Sleeve Moisture,women's clothing,7.95,3,2026-04-12,23.85,2026,4,12,6,15,1,2.191653532286764,1.3862943611198906
19,2,Mens Casual Premium Slim Fit T-Shirts ,men's clothing,22.3,1,2026-04-12,22.3,2026,4,12,6,15,1,3.1484533605716547,0.6931471805599453
246,13,Acer SB220Q bi 21.5 inches Full HD (1920 x 1080) IPS Ultra-Thin,electronics,599.0,3,2026-04-12,1797.0,2026,4,12,6,15,1,6.396929655216146,1.3862943611198906
124,8,Pierced Owl Rose Gold Plated Stainless Steel Double,jewelery,10.99,1,2026-04-12,10.99,2026,4,12,6,15,1,2.4840729690394228,0.6931471805599453
316,16,Lock and Love Women's Removable Hooded Faux Leather Moto Biker Jacket,women's clothing,29.95,3,2026-04-12,89.85,2026,4,12,6,15,1,3.432372999130605,1.3862943611198906
95,6,Solid Gold Petite Micropave ,jewelery,168.0,5,2026-04-12,840.0,2026,4,12,6,15,1,5.1298987149230735,1.791759469228055
406,20,DANVOUY Womens T Shirt Casual Cotton Short,women's clothing,12.99,3,2026-04-12,38.97,2026,4,12,6,15,1,2.63834278867739,1.3862943611198906
399,20,DANVOUY Womens T Shirt Casual Cotton Short,women's clothing,12.99,2,2026-04-12,25.98,2026,4,12,6,15,1,2.63834278867739,1.0986122886681098
243,13,Acer SB220Q bi 21.5 inches Full HD (1920 x 1080) IPS Ultra-Thin,electronics,599.0,5,2026-04-12,2995.0,2026,4,12,6,15,1,6.396929655216146,1.791759469228055
27,2,Mens Casual Premium Slim Fit T-Shirts ,men's clothing,22.3,3,2026-04-12,66.9,2026,4,12,6,15,1,3.1484533605716547,1.3862943611198906
255,13,Acer SB220Q bi 21.5 inches Full HD (1920 x 1080) IPS Ultra-Thin,electronics,599.0,3,2026-04-12,1797.0,2026,4,12,6,15,1,6.396929655216146,1.3862943611198906
348,17,Rain Jacket Women Windbreaker Striped Climbing Raincoats,women's clothing,39.99,4,2026-04-12,159.96,2026,4,12,6,15,1,3.7133281345162463,1.6094379124341003
286,15,BIYLACLESEN Women's 3-in-1 Snowboard Jacket Winter Coats,women's clothing,56.99,4,2026-04-13,227.96,2026,4,13,0,16,0,4.060270581888349,1.6094379124341003
8,1,"Fjallraven - Foldsack No. 1 Backpack, Fits 15 Laptops",men's clothing,109.95,2,2026-04-13,219.9,2026,4,13,0,16,0,4.709079649378603,1.0986122886681098
64,5,John Hardy Women's Legends Naga Gold & Silver Dragon Station Chain Bracelet,jewelery,695.0,2,2026-04-13,1390.0,2026,4,13,0,16,0,6.54534966033442,1.0986122886681098
90,6,Solid Gold Petite Micropave ,jewelery,168.0,3,2026-04-13,504.0,2026,4,13,0,16,0,5.1298987149230735,1.3862943611198906
277,14,Samsung 49-Inch CHG90 144Hz Curved Gaming Monitor (LC49HG90DMNXZA) – Super Ultrawide Screen QLED ,electronics,999.99,5,2026-04-13,4999.95,2026,4,13,0,16,0,6.90874478925533,1.791759469228055
313,16,Lock and Love Women's Removable Hooded Faux Leather Moto Biker Jacket,women's clothing,29.95,1,2026-04-13,29.95,2026,4,13,0,16,0,3.432372999130605,0.6931471805599453
384,19,Opna Women's Short Sleeve Moisture,women's clothing,7.95,5,2026-04-13,39.75,2026,4,13,0,16,0,2.191653532286764,1.791759469228055
280,14,Samsung 49-Inch CHG90 144Hz Curved Gaming Monitor (LC49HG90DMNXZA) – Super Ultrawide Screen QLED ,electronics,999.99,5,2026-04-13,4999.95,2026,4,13,0,16,0,6.90874478925533,1.791759469228055
81,5,John Hardy Women's Legends Naga Gold & Silver Dragon Station Chain Bracelet,jewelery,695.0,5,2026-04-13,3475.0,2026,4,13,0,16,0,6.54534966033442,1.791759469228055
82,6,Solid Gold Petite Micropave ,jewelery,168.0,4,2026-04-13,672.0,2026,4,13,0,16,0,5.1298987149230735,1.6094379124341003
37,3,Mens Cotton Jacket,men's clothing,55.99,2,2026-04-13,111.98,2026,4,13,0,16,0,4.0428758138469085,1.0986122886681098
43,4,Mens Casual Slim Fit,men's clothing,15.99,3,2026-04-13,47.97,2026,4,13,0,16,0,2.8326249356838407,1.3862943611198906
162,9,WD 2TB Elements Portable External Hard Drive - USB 3.0 ,electronics,64.0,4,2026-04-13,256.0,2026,4,13,0,16,0,4.174387269895637,1.6094379124341003
47,4,Mens Casual Slim Fit,men's clothing,15.99,4,2026-04-13,63.96,2026,4,13,0,16,0,2.8326249356838407,1.6094379124341003
100,6,Solid Gold Petite Micropave ,jewelery,168.0,3,2026-04-14,504.0,2026,4,14,1,16,0,5.1298987149230735,1.3862943611198906
18,2,Mens Casual Premium Slim Fit T-Shirts ,men's clothing,22.3,5,2026-04-14,111.5,2026,4,14,1,16,0,3.1484533605716547,1.791759469228055
177,10,SanDisk SSD PLUS 1TB Internal SSD - SATA III 6 Gb/s,electronics,109.0,3,2026-04-14,327.0,2026,4,14,1,16,0,4.700480365792417,1.3862943611198906
269,14,Samsung 49-Inch CHG90 144Hz Curved Gaming Monitor (LC49HG90DMNXZA) – Super Ultrawide Screen QLED ,electronics,999.99,5,2026-04-14,4999.95,2026,4,14,1,16,0,6.90874478925533,1.791759469228055
133,8,Pierced Owl Rose Gold Plated Stainless Steel Double,jewelery,10.99,5,2026-04-14,54.95,2026,4,14,1,16,0,2.4840729690394228,1.791759469228055
238,13,Acer SB220Q bi 21.5 inches Full HD (1920 x 1080) IPS Ultra-Thin,electronics,599.0,1,2026-04-14,599.0,2026,4,14,1,16,0,6.396929655216146,0.6931471805599453
377,19,Opna Women's Short Sleeve Moisture,women's clothing,7.95,3,2026-04-14,23.85,2026,4,14,1,16,0,2.191653532286764,1.3862943611198906
1,1,"Fjallraven - Foldsack No. 1 Backpack, Fits 15 Laptops",men's clothing,109.95,1,2026-04-14,109.95,2026,4,14,1,16,0,4.709079649378603,0.6931471805599453
185,10,SanDisk SSD PLUS 1TB Internal SSD - SATA III 6 Gb/s,electronics,109.0,5,2026-04-14,545.0,2026,4,14,1,16,0,4.700480365792417,1.791759469228055
227,12,WD 4TB Gaming Drive Works with Playstation 4 Portable External Hard Drive,electronics,114.0,3,2026-04-14,342.0,2026,4,14,1,16,0,4.74493212836325,1.3862943611198906
358,17,Rain Jacket Women Windbreaker Striped Climbing Raincoats,women's clothing,39.99,4,2026-04-14,159.96,2026,4,14,1,16,0,3.7133281345162463,1.6094379124341003
40,3,Mens Cotton Jacket,men's clothing,55.99,2,2026-04-14,111.98,2026,4,14,1,16,0,4.0428758138469085,1.0986122886681098
128,8,Pierced Owl Rose Gold Plated Stainless Steel Double,jewelery,10.99,3,2026-04-14,32.97,2026,4,14,1,16,0,2.4840729690394228,1.3862943611198906
58,5,John Hardy Women's Legends Naga Gold & Silver Dragon Station Chain Bracelet,jewelery,695.0,3,2026-04-14,2085.0,2026,4,14,1,16,0,6.54534966033442,1.3862943611198906
41,3,Mens Cotton Jacket,men's clothing,55.99,5,2026-04-14,279.95,2026,4,14,1,16,0,4.0428758138469085,1.791759469228055
380,19,Opna Women's Short Sleeve Moisture,women's clothing,7.95,2,2026-04-15,15.9,2026,4,15,2,16,0,2.191653532286764,1.0986122886681098
22,2,Mens Casual Premium Slim Fit T-Shirts ,men's clothing,22.3,5,2026-04-15,111.5,2026,4,15,2,16,0,3.1484533605716547,1.791759469228055
204,11,Silicon Power 256GB SSD 3D NAND A55 SLC Cache Performance Boost SATA III 2.5,electronics,109.0,4,2026-04-15,436.0,2026,4,15,2,16,0,4.700480365792417,1.6094379124341003
35,3,Mens Cotton Jacket,men's clothing,55.99,1,2026-04-15,55.99,2026,4,15,2,16,0,4.0428758138469085,0.6931471805599453
369,18,MBJ Women's Solid Short Sleeve Boat Neck V ,women's clothing,9.85,2,2026-04-15,19.7,2026,4,15,2,16,0,2.3841650799864684,1.0986122886681098
365,18,MBJ Women's Solid Short Sleeve Boat Neck V ,women's clothing,9.85,4,2026-04-15,39.4,2026,4,15,2,16,0,2.3841650799864684,1.6094379124341003
354,17,Rain Jacket Women Windbreaker Striped Climbing Raincoats,women's clothing,39.99,4,2026-04-15,159.96,2026,4,15,2,16,0,3.7133281345162463,1.6094379124341003
57,5,John Hardy Women's Legends Naga Gold & Silver Dragon Station Chain Bracelet,jewelery,695.0,1,2026-04-15,695.0,2026,4,15,2,16,0,6.54534966033442,0.6931471805599453
350,17,Rain Jacket Women Windbreaker Striped Climbing Raincoats,women's clothing,39.99,4,2026-04-15,159.96,2026,4,15,2,16,0,3.7133281345162463,1.6094379124341003
86,6,Solid Gold Petite Micropave ,jewelery,168.0,4,2026-04-15,672.0,2026,4,15,2,16,0,5.1298987149230735,1.6094379124341003
93,6,Solid Gold Petite Micropave ,jewelery,168.0,1,2026-04-15,168.0,2026,4,15,2,16,0,5.1298987149230735,0.6931471805599453
99,6,Solid Gold Petite Micropave ,jewelery,168.0,2,2026-04-15,336.0,2026,4,15,2,16,0,5.1298987149230735,1.0986122886681098
107,6,Solid Gold Petite Micropave ,jewelery,168.0,3,2026-04-15,504.0,2026,4,15,2,16,0,5.1298987149230735,1.3862943611198906
299,15,BIYLACLESEN Women's 3-in-1 Snowboard Jacket Winter Coats,women's clothing,56.99,1,2026-04-15,56.99,2026,4,15,2,16,0,4.060270581888349,0.6931471805599453
123,8,Pierced Owl Rose Gold Plated Stainless Steel Double,jewelery,10.99,4,2026-04-15,43.96,2026,4,15,2,16,0,2.4840729690394228,1.6094379124341003
248,13,Acer SB220Q bi 21.5 inches Full HD (1920 x 1080) IPS Ultra-Thin,electronics,599.0,5,2026-04-15,2995.0,2026,4,15,2,16,0,6.396929655216146,1.791759469228055
152,8,Pierced Owl Rose Gold Plated Stainless Steel Double,jewelery,10.99,4,2026-04-15,43.96,2026,4,15,2,16,0,2.4840729690394228,1.6094379124341003
244,13,Acer SB220Q bi 21.5 inches Full HD (1920 x 1080) IPS Ultra-Thin,electronics,599.0,3,2026-04-15,1797.0,2026,4,15,2,16,0,6.396929655216146,1.3862943611198906
170,10,SanDisk SSD PLUS 1TB Internal SSD - SATA III 6 Gb/s,electronics,109.0,5,2026-04-15,545.0,2026,4,15,2,16,0,4.700480365792417,1.791759469228055
10,1,"Fjallraven - Foldsack No. 1 Backpack, Fits 15 Laptops",men's clothing,109.95,3,2026-04-15,329.85,2026,4,15,2,16,0,4.709079649378603,1.3862943611198906
213,11,Silicon Power 256GB SSD 3D NAND A55 SLC Cache Performance Boost SATA III 2.5,electronics,109.0,1,2026-04-15,109.0,2026,4,15,2,16,0,4.700480365792417,0.6931471805599453
212,11,Silicon Power 256GB SSD 3D NAND A55 SLC Cache Performance Boost SATA III 2.5,electronics,109.0,5,2026-04-15,545.0,2026,4,15,2,16,0,4.700480365792417,1.791759469228055
144,8,Pierced Owl Rose Gold Plated Stainless Steel Double,jewelery,10.99,2,2026-04-16,21.98,2026,4,16,3,16,0,2.4840729690394228,1.0986122886681098
370,18,MBJ Women's Solid Short Sleeve Boat Neck V ,women's clothing,9.85,4,2026-04-16,39.4,2026,4,16,3,16,0,2.3841650799864684,1.6094379124341003
189,11,Silicon Power 256GB SSD 3D NAND A55 SLC Cache Performance Boost SATA III 2.5,electronics,109.0,2,2026-04-16,218.0,2026,4,16,3,16,0,4.700480365792417,1.0986122886681098
247,13,Acer SB220Q bi 21.5 inches Full HD (1920 x 1080) IPS Ultra-Thin,electronics,599.0,1,2026-04-16,599.0,2026,4,16,3,16,0,6.396929655216146,0.6931471805599453
11,1,"Fjallraven - Foldsack No. 1 Backpack, Fits 15 Laptops",men's clothing,109.95,2,2026-04-16,219.9,2026,4,16,3,16,0,4.709079649378603,1.0986122886681098
190,11,Silicon Power 256GB SSD 3D NAND A55 SLC Cache Performance Boost SATA III 2.5,electronics,109.0,3,2026-04-16,327.0,2026,4,16,3,16,0,4.700480365792417,1.3862943611198906
237,12,WD 4TB Gaming Drive Works with Playstation 4 Portable External Hard Drive,electronics,114.0,2,2026-04-16,228.0,2026,4,16,3,16,0,4.74493212836325,1.0986122886681098
2,1,"Fjallraven - Foldsack No. 1 Backpack, Fits 15 Laptops",men's clothing,109.95,3,2026-04-16,329.85,2026,4,16,3,16,0,4.709079649378603,1.3862943611198906
153,9,WD 2TB Elements Portable External Hard Drive - USB 3.0 ,electronics,64.0,3,2026-04-16,192.0,2026,4,16,3,16,0,4.174387269895637,1.3862943611198906
31,3,Mens Cotton Jacket,men's clothing,55.99,5,2026-04-16,279.95,2026,4,16,3,16,0,4.0428758138469085,1.791759469228055
355,17,Rain Jacket Women Windbreaker Striped Climbing Raincoats,women's clothing,39.99,4,2026-04-16,159.96,2026,4,16,3,16,0,3.7133281345162463,1.6094379124341003
138,8,Pierced Owl Rose Gold Plated Stainless Steel Double,jewelery,10.99,1,2026-04-17,10.99,2026,4,17,4,16,0,2.4840729690394228,0.6931471805599453
400,20,DANVOUY Womens T Shirt Casual Cotton Short,women's clothing,12.99,3,2026-04-17,38.97,2026,4,17,4,16,0,2.63834278867739,1.3862943611198906
73,5,John Hardy Women's Legends Naga Gold & Silver Dragon Station Chain Bracelet,jewelery,695.0,3,2026-04-17,2085.0,2026,4,17,4,16,0,6.54534966033442,1.3862943611198906
139,8,Pierced Owl Rose Gold Plated Stainless Steel Double,jewelery,10.99,5,2026-04-17,54.95,2026,4,17,4,16,0,2.4840729690394228,1.791759469228055
132,8,Pierced Owl Rose Gold Plated Stainless Steel Double,jewelery,10.99,4,2026-04-17,43.96,2026,4,17,4,16,0,2.4840729690394228,1.6094379124341003
284,14,Samsung 49-Inch CHG90 144Hz Curved Gaming Monitor (LC49HG90DMNXZA) – Super Ultrawide Screen QLED ,electronics,999.99,4,2026-04-17,3999.96,2026,4,17,4,16,0,6.90874478925533,1.6094379124341003
372,19,Opna Women's Short Sleeve Moisture,women's clothing,7.95,4,2026-04-17,31.8,2026,4,17,4,16,0,2.191653532286764,1.6094379124341003
320,16,Lock and Love Women's Removable Hooded Faux Leather Moto Biker Jacket,women's clothing,29.95,4,2026-04-17,119.8,2026,4,17,4,16,0,3.432372999130605,1.6094379124341003
253,13,Acer SB220Q bi 21.5 inches Full HD (1920 x 1080) IPS Ultra-Thin,electronics,599.0,2,2026-04-17,1198.0,2026,4,17,4,16,0,6.396929655216146,1.0986122886681098
55,4,Mens Casual Slim Fit,men's clothing,15.99,4,2026-04-17,63.96,2026,4,17,4,16,0,2.8326249356838407,1.6094379124341003
183,10,SanDisk SSD PLUS 1TB Internal SSD - SATA III 6 Gb/s,electronics,109.0,3,2026-04-17,327.0,2026,4,17,4,16,0,4.700480365792417,1.3862943611198906
108,7,White Gold Plated Princess,jewelery,9.99,5,2026-04-17,49.95,2026,4,17,4,16,0,2.39698576841553,1.791759469228055
192,11,Silicon Power 256GB SSD 3D NAND A55 SLC Cache Performance Boost SATA III 2.5,electronics,109.0,5,2026-04-17,545.0,2026,4,17,4,16,0,4.700480365792417,1.791759469228055
326,16,Lock and Love Women's Removable Hooded Faux Leather Moto Biker Jacket,women's clothing,29.95,4,2026-04-17,119.8,2026,4,17,4,16,0,3.432372999130605,1.6094379124341003
126,8,Pierced Owl Rose Gold Plated Stainless Steel Double,jewelery,10.99,2,2026-04-17,21.98,2026,4,17,4,16,0,2.4840729690394228,1.0986122886681098
329,16,Lock and Love Women's Removable Hooded Faux Leather Moto Biker Jacket,women's clothing,29.95,2,2026-04-17,59.9,2026,4,17,4,16,0,3.432372999130605,1.0986122886681098
91,6,Solid Gold Petite Micropave ,jewelery,168.0,2,2026-04-18,336.0,2026,4,18,5,16,1,5.1298987149230735,1.0986122886681098
87,6,Solid Gold Petite Micropave ,jewelery,168.0,5,2026-04-18,840.0,2026,4,18,5,16,1,5.1298987149230735,1.791759469228055
282,14,Samsung 49-Inch CHG90 144Hz Curved Gaming Monitor (LC49HG90DMNXZA) – Super Ultrawide Screen QLED ,electronics,999.99,2,2026-04-18,1999.98,2026,4,18,5,16,1,6.90874478925533,1.0986122886681098
69,5,John Hardy Women's Legends Naga Gold & Silver Dragon Station Chain Bracelet,jewelery,695.0,5,2026-04-18,3475.0,2026,4,18,5,16,1,6.54534966033442,1.791759469228055
134,8,Pierced Owl Rose Gold Plated Stainless Steel Double,jewelery,10.99,4,2026-04-18,43.96,2026,4,18,5,16,1,2.4840729690394228,1.6094379124341003
54,4,Mens Casual Slim Fit,men's clothing,15.99,5,2026-04-18,79.95,2026,4,18,5,16,1,2.8326249356838407,1.791759469228055
30,3,Mens Cotton Jacket,men's clothing,55.99,2,2026-04-18,111.98,2026,4,18,5,16,1,4.0428758138469085,1.0986122886681098
383,19,Opna Women's Short Sleeve Moisture,women's clothing,7.95,1,2026-04-18,7.95,2026,4,18,5,16,1,2.191653532286764,0.6931471805599453
202,11,Silicon Power 256GB SSD 3D NAND A55 SLC Cache Performance Boost SATA III 2.5,electronics,109.0,3,2026-04-18,327.0,2026,4,18,5,16,1,4.700480365792417,1.3862943611198906
56,4,Mens Casual Slim Fit,men's clothing,15.99,1,2026-04-19,15.99,2026,4,19,6,16,1,2.8326249356838407,0.6931471805599453
322,16,Lock and Love Women's Removable Hooded Faux Leather Moto Biker Jacket,women's clothing,29.95,5,2026-04-19,149.75,2026,4,19,6,16,1,3.432372999130605,1.791759469228055
344,17,Rain Jacket Women Windbreaker Striped Climbing Raincoats,women's clothing,39.99,4,2026-04-19,159.96,2026,4,19,6,16,1,3.7133281345162463,1.6094379124341003
293,15,BIYLACLESEN Women's 3-in-1 Snowboard Jacket Winter Coats,women's clothing,56.99,2,2026-04-19,113.98,2026,4,19,6,16,1,4.060270581888349,1.0986122886681098
391,20,DANVOUY Womens T Shirt Casual Cotton Short,women's clothing,12.99,1,2026-04-19,12.99,2026,4,19,6,16,1,2.63834278867739,0.6931471805599453
172,10,SanDisk SSD PLUS 1TB Internal SSD - SATA III 6 Gb/s,electronics,109.0,3,2026-04-19,327.0,2026,4,19,6,16,1,4.700480365792417,1.3862943611198906
195,11,Silicon Power 256GB SSD 3D NAND A55 SLC Cache Performance Boost SATA III 2.5,electronics,109.0,3,2026-04-19,327.0,2026,4,19,6,16,1,4.700480365792417,1.3862943611198906
125,8,Pierced Owl Rose Gold Plated Stainless Steel Double,jewelery,10.99,3,2026-04-19,32.97,2026,4,19,6,16,1,2.4840729690394228,1.3862943611198906
112,7,White Gold Plated Princess,jewelery,9.99,4,2026-04-19,39.96,2026,4,19,6,16,1,2.39698576841553,1.6094379124341003
182,10,SanDisk SSD PLUS 1TB Internal SSD - SATA III 6 Gb/s,electronics,109.0,5,2026-04-19,545.0,2026,4,19,6,16,1,4.700480365792417,1.791759469228055
385,19,Opna Women's Short Sleeve Moisture,women's clothing,7.95,4,2026-04-20,31.8,2026,4,20,0,17,0,2.191653532286764,1.6094379124341003
338,17,Rain Jacket Women Windbreaker Striped Climbing Raincoats,women's clothing,39.99,3,2026-04-20,119.97,2026,4,20,0,17,0,3.7133281345162463,1.3862943611198906
222,12,WD 4TB Gaming Drive Works with Playstation 4 Portable External Hard Drive,electronics,114.0,1,2026-04-20,114.0,2026,4,20,0,17,0,4.74493212836325,0.6931471805599453
84,6,Solid Gold Petite Micropave ,jewelery,168.0,1,2026-04-20,168.0,2026,4,20,0,17,0,5.1298987149230735,0.6931471805599453
336,17,Rain Jacket Women Windbreaker Striped Climbing Raincoats,women's clothing,39.99,4,2026-04-20,159.96,2026,4,20,0,17,0,3.7133281345162463,1.6094379124341003
215,12,WD 4TB Gaming Drive Works with Playstation 4 Portable External Hard Drive,electronics,114.0,4,2026-04-20,456.0,2026,4,20,0,17,0,4.74493212836325,1.6094379124341003
59,5,John Hardy Women's Legends Naga Gold & Silver Dragon Station Chain Bracelet,jewelery,695.0,5,2026-04-20,3475.0,2026,4,20,0,17,0,6.54534966033442,1.791759469228055
72,5,John Hardy Women's Legends Naga Gold & Silver Dragon Station Chain Bracelet,jewelery,695.0,2,2026-04-20,1390.0,2026,4,20,0,17,0,6.54534966033442,1.0986122886681098
236,12,WD 4TB Gaming Drive Works with Playstation 4 Portable External Hard Drive,electronics,114.0,4,2026-04-20,456.0,2026,4,20,0,17,0,4.74493212836325,1.6094379124341003
179,10,SanDisk SSD PLUS 1TB Internal SSD - SATA III 6 Gb/s,electronics,109.0,2,2026-04-21,218.0,2026,4,21,1,17,0,4.700480365792417,1.0986122886681098
359,17,Rain Jacket Women Windbreaker Striped Climbing Raincoats,women's clothing,39.99,2,2026-04-21,79.98,2026,4,21,1,17,0,3.7133281345162463,1.0986122886681098
155,9,WD 2TB Elements Portable External Hard Drive - USB 3.0 ,electronics,64.0,1,2026-04-21,64.0,2026,4,21,1,17,0,4.174387269895637,0.6931471805599453
309,15,BIYLACLESEN Women's 3-in-1 Snowboard Jacket Winter Coats,women's clothing,56.99,3,2026-04-21,170.97,2026,4,21,1,17,0,4.060270581888349,1.3862943611198906
178,10,SanDisk SSD PLUS 1TB Internal SSD - SATA III 6 Gb/s,electronics,109.0,5,2026-04-21,545.0,2026,4,21,1,17,0,4.700480365792417,1.791759469228055
25,2,Mens Casual Premium Slim Fit T-Shirts ,men's clothing,22.3,2,2026-04-21,44.6,2026,4,21,1,17,0,3.1484533605716547,1.0986122886681098
232,12,WD 4TB Gaming Drive Works with Playstation 4 Portable External Hard Drive,electronics,114.0,5,2026-04-21,570.0,2026,4,21,1,17,0,4.74493212836325,1.791759469228055
205,11,Silicon Power 256GB SSD 3D NAND A55 SLC Cache Performance Boost SATA III 2.5,electronics,109.0,3,2026-04-22,327.0,2026,4,22,2,17,0,4.700480365792417,1.3862943611198906
256,13,Acer SB220Q bi 21.5 inches Full HD (1920 x 1080) IPS Ultra-Thin,electronics,599.0,1,2026-04-22,599.0,2026,4,22,2,17,0,6.396929655216146,0.6931471805599453
29,3,Mens Cotton Jacket,men's clothing,55.99,3,2026-04-22,167.97,2026,4,22,2,17,0,4.0428758138469085,1.3862943611198906
402,20,DANVOUY Womens T Shirt Casual Cotton Short,women's clothing,12.99,4,2026-04-22,51.96,2026,4,22,2,17,0,2.63834278867739,1.6094379124341003
113,7,White Gold Plated Princess,jewelery,9.99,4,2026-04-22,39.96,2026,4,22,2,17,0,2.39698576841553,1.6094379124341003
80,5,John Hardy Women's Legends Naga Gold & Silver Dragon Station Chain Bracelet,jewelery,695.0,2,2026-04-22,1390.0,2026,4,22,2,17,0,6.54534966033442,1.0986122886681098
13,1,"Fjallraven - Foldsack No. 1 Backpack, Fits 15 Laptops",men's clothing,109.95,3,2026-04-22,329.85,2026,4,22,2,17,0,4.709079649378603,1.3862943611198906
199,11,Silicon Power 256GB SSD 3D NAND A55 SLC Cache Performance Boost SATA III 2.5,electronics,109.0,4,2026-04-22,436.0,2026,4,22,2,17,0,4.700480365792417,1.6094379124341003
121,7,White Gold Plated Princess,jewelery,9.99,4,2026-04-22,39.96,2026,4,22,2,17,0,2.39698576841553,1.6094379124341003
409,20,DANVOUY Womens T Shirt Casual Cotton Short,women's clothing,12.99,5,2026-04-23,64.95,2026,4,23,3,17,0,2.63834278867739,1.791759469228055
26,2,Mens Casual Premium Slim Fit T-Shirts ,men's clothing,22.3,4,2026-04-23,89.2,2026,4,23,3,17,0,3.1484533605716547,1.6094379124341003
38,3,Mens Cotton Jacket,men's clothing,55.99,4,2026-04-23,223.96,2026,4,23,3,17,0,4.0428758138469085,1.6094379124341003
60,5,John Hardy Women's Legends Naga Gold & Silver Dragon Station Chain Bracelet,jewelery,695.0,2,2026-04-23,1390.0,2026,4,23,3,17,0,6.54534966033442,1.0986122886681098
70,5,John Hardy Women's Legends Naga Gold & Silver Dragon Station Chain Bracelet,jewelery,695.0,3,2026-04-23,2085.0,2026,4,23,3,17,0,6.54534966033442,1.3862943611198906
75,5,John Hardy Women's Legends Naga Gold & Silver Dragon Station Chain Bracelet,jewelery,695.0,4,2026-04-23,2780.0,2026,4,23,3,17,0,6.54534966033442,1.6094379124341003
106,6,Solid Gold Petite Micropave ,jewelery,168.0,5,2026-04-23,840.0,2026,4,23,3,17,0,5.1298987149230735,1.791759469228055
143,8,Pierced Owl Rose Gold Plated Stainless Steel Double,jewelery,10.99,3,2026-04-23,32.97,2026,4,23,3,17,0,2.4840729690394228,1.3862943611198906
173,10,SanDisk SSD PLUS 1TB Internal SSD - SATA III 6 Gb/s,electronics,109.0,2,2026-04-23,218.0,2026,4,23,3,17,0,4.700480365792417,1.0986122886681098
175,10,SanDisk SSD PLUS 1TB Internal SSD - SATA III 6 Gb/s,electronics,109.0,1,2026-04-23,109.0,2026,4,23,3,17,0,4.700480365792417,0.6931471805599453
193,11,Silicon Power 256GB SSD 3D NAND A55 SLC Cache Performance Boost SATA III 2.5,electronics,109.0,4,2026-04-23,436.0,2026,4,23,3,17,0,4.700480365792417,1.6094379124341003
228,12,WD 4TB Gaming Drive Works with Playstation 4 Portable External Hard Drive,electronics,114.0,5,2026-04-23,570.0,2026,4,23,3,17,0,4.74493212836325,1.791759469228055
285,14,Samsung 49-Inch CHG90 144Hz Curved Gaming Monitor (LC49HG90DMNXZA) – Super Ultrawide Screen QLED ,electronics,999.99,3,2026-04-23,2999.97,2026,4,23,3,17,0,6.90874478925533,1.3862943611198906
300,15,BIYLACLESEN Women's 3-in-1 Snowboard Jacket Winter Coats,women's clothing,56.99,4,2026-04-23,227.96,2026,4,23,3,17,0,4.060270581888349,1.6094379124341003
301,15,BIYLACLESEN Women's 3-in-1 Snowboard Jacket Winter Coats,women's clothing,56.99,4,2026-04-23,227.96,2026,4,23,3,17,0,4.060270581888349,1.6094379124341003
349,17,Rain Jacket Women Windbreaker Striped Climbing Raincoats,women's clothing,39.99,4,2026-04-23,159.96,2026,4,23,3,17,0,3.7133281345162463,1.6094379124341003
15,2,Mens Casual Premium Slim Fit T-Shirts ,men's clothing,22.3,3,2026-04-24,66.9,2026,4,24,4,17,0,3.1484533605716547,1.3862943611198906
167,9,WD 2TB Elements Portable External Hard Drive - USB 3.0 ,electronics,64.0,4,2026-04-24,256.0,2026,4,24,4,17,0,4.174387269895637,1.6094379124341003
396,20,DANVOUY Womens T Shirt Casual Cotton Short,women's clothing,12.99,1,2026-04-24,12.99,2026,4,24,4,17,0,2.63834278867739,0.6931471805599453
394,20,DANVOUY Womens T Shirt Casual Cotton Short,women's clothing,12.99,1,2026-04-24,12.99,2026,4,24,4,17,0,2.63834278867739,0.6931471805599453
337,17,Rain Jacket Women Windbreaker Striped Climbing Raincoats,women's clothing,39.99,1,2026-04-24,39.99,2026,4,24,4,17,0,3.7133281345162463,0.6931471805599453
267,14,Samsung 49-Inch CHG90 144Hz Curved Gaming Monitor (LC49HG90DMNXZA) – Super Ultrawide Screen QLED ,electronics,999.99,1,2026-04-24,999.99,2026,4,24,4,17,0,6.90874478925533,0.6931471805599453
297,15,BIYLACLESEN Women's 3-in-1 Snowboard Jacket Winter Coats,women's clothing,56.99,1,2026-04-24,56.99,2026,4,24,4,17,0,4.060270581888349,0.6931471805599453
252,13,Acer SB220Q bi 21.5 inches Full HD (1920 x 1080) IPS Ultra-Thin,electronics,599.0,2,2026-04-24,1198.0,2026,4,24,4,17,0,6.396929655216146,1.0986122886681098
311,15,BIYLACLESEN Women's 3-in-1 Snowboard Jacket Winter Coats,women's clothing,56.99,1,2026-04-24,56.99,2026,4,24,4,17,0,4.060270581888349,0.6931471805599453
120,7,White Gold Plated Princess,jewelery,9.99,1,2026-04-24,9.99,2026,4,24,4,17,0,2.39698576841553,0.6931471805599453
404,20,DANVOUY Womens T Shirt Casual Cotton Short,women's clothing,12.99,1,2026-04-24,12.99,2026,4,24,4,17,0,2.63834278867739,0.6931471805599453
36,3,Mens Cotton Jacket,men's clothing,55.99,5,2026-04-25,279.95,2026,4,25,5,17,1,4.0428758138469085,1.791759469228055
156,9,WD 2TB Elements Portable External Hard Drive - USB 3.0 ,electronics,64.0,1,2026-04-25,64.0,2026,4,25,5,17,1,4.174387269895637,0.6931471805599453
198,11,Silicon Power 256GB SSD 3D NAND A55 SLC Cache Performance Boost SATA III 2.5,electronics,109.0,2,2026-04-25,218.0,2026,4,25,5,17,1,4.700480365792417,1.0986122886681098
176,10,SanDisk SSD PLUS 1TB Internal SSD - SATA III 6 Gb/s,electronics,109.0,1,2026-04-25,109.0,2026,4,25,5,17,1,4.700480365792417,0.6931471805599453
324,16,Lock and Love Women's Removable Hooded Faux Leather Moto Biker Jacket,women's clothing,29.95,3,2026-04-25,89.85,2026,4,25,5,17,1,3.432372999130605,1.3862943611198906
85,6,Solid Gold Petite Micropave ,jewelery,168.0,2,2026-04-25,336.0,2026,4,25,5,17,1,5.1298987149230735,1.0986122886681098
214,12,WD 4TB Gaming Drive Works with Playstation 4 Portable External Hard Drive,electronics,114.0,4,2026-04-25,456.0,2026,4,25,5,17,1,4.74493212836325,1.6094379124341003
229,12,WD 4TB Gaming Drive Works with Playstation 4 Portable External Hard Drive,electronics,114.0,3,2026-04-25,342.0,2026,4,25,5,17,1,4.74493212836325,1.3862943611198906
266,13,Acer SB220Q bi 21.5 inches Full HD (1920 x 1080) IPS Ultra-Thin,electronics,599.0,1,2026-04-25,599.0,2026,4,25,5,17,1,6.396929655216146,0.6931471805599453
234,12,WD 4TB Gaming Drive Works with Playstation 4 Portable External Hard Drive,electronics,114.0,1,2026-04-25,114.0,2026,4,25,5,17,1,4.74493212836325,0.6931471805599453
340,17,Rain Jacket Women Windbreaker Striped Climbing Raincoats,women's clothing,39.99,3,2026-04-25,119.97,2026,4,25,5,17,1,3.7133281345162463,1.3862943611198906
67,5,John Hardy Women's Legends Naga Gold & Silver Dragon Station Chain Bracelet,jewelery,695.0,2,2026-04-25,1390.0,2026,4,25,5,17,1,6.54534966033442,1.0986122886681098
166,9,WD 2TB Elements Portable External Hard Drive - USB 3.0 ,electronics,64.0,5,2026-04-26,320.0,2026,4,26,6,17,1,4.174387269895637,1.791759469228055
356,17,Rain Jacket Women Windbreaker Striped Climbing Raincoats,women's clothing,39.99,1,2026-04-26,39.99,2026,4,26,6,17,1,3.7133281345162463,0.6931471805599453
317,16,Lock and Love Women's Removable Hooded Faux Leather Moto Biker Jacket,women's clothing,29.95,2,2026-04-26,59.9,2026,4,26,6,17,1,3.432372999130605,1.0986122886681098
17,2,Mens Casual Premium Slim Fit T-Shirts ,men's clothing,22.3,4,2026-04-26,89.2,2026,4,26,6,17,1,3.1484533605716547,1.6094379124341003
206,11,Silicon Power 256GB SSD 3D NAND A55 SLC Cache Performance Boost SATA III 2.5,electronics,109.0,5,2026-04-26,545.0,2026,4,26,6,17,1,4.700480365792417,1.791759469228055
145,8,Pierced Owl Rose Gold Plated Stainless Steel Double,jewelery,10.99,3,2026-04-26,32.97,2026,4,26,6,17,1,2.4840729690394228,1.3862943611198906
51,4,Mens Casual Slim Fit,men's clothing,15.99,2,2026-04-26,31.98,2026,4,26,6,17,1,2.8326249356838407,1.0986122886681098
312,15,BIYLACLESEN Women's 3-in-1 Snowboard Jacket Winter Coats,women's clothing,56.99,2,2026-04-26,113.98,2026,4,26,6,17,1,4.060270581888349,1.0986122886681098
235,12,WD 4TB Gaming Drive Works with Playstation 4 Portable External Hard Drive,electronics,114.0,5,2026-04-26,570.0,2026,4,26,6,17,1,4.74493212836325,1.791759469228055
296,15,BIYLACLESEN Women's 3-in-1 Snowboard Jacket Winter Coats,women's clothing,56.99,5,2026-04-26,284.95,2026,4,26,6,17,1,4.060270581888349,1.791759469228055
371,19,Opna Women's Short Sleeve Moisture,women's clothing,7.95,3,2026-04-26,23.85,2026,4,26,6,17,1,2.191653532286764,1.3862943611198906
339,17,Rain Jacket Women Windbreaker Striped Climbing Raincoats,women's clothing,39.99,2,2026-04-26,79.98,2026,4,26,6,17,1,3.7133281345162463,1.0986122886681098
94,6,Solid Gold Petite Micropave ,jewelery,168.0,4,2026-04-27,672.0,2026,4,27,0,18,0,5.1298987149230735,1.6094379124341003
105,6,Solid Gold Petite Micropave ,jewelery,168.0,1,2026-04-27,168.0,2026,4,27,0,18,0,5.1298987149230735,0.6931471805599453
292,15,BIYLACLESEN Women's 3-in-1 Snowboard Jacket Winter Coats,women's clothing,56.99,2,2026-04-27,113.98,2026,4,27,0,18,0,4.060270581888349,1.0986122886681098
303,15,BIYLACLESEN Women's 3-in-1 Snowboard Jacket Winter Coats,women's clothing,56.99,3,2026-04-27,170.97,2026,4,27,0,18,0,4.060270581888349,1.3862943611198906
16,2,Mens Casual Premium Slim Fit T-Shirts ,men's clothing,22.3,1,2026-04-27,22.3,2026,4,27,0,18,0,3.1484533605716547,0.6931471805599453
390,19,Opna Women's Short Sleeve Moisture,women's clothing,7.95,4,2026-04-27,31.8,2026,4,27,0,18,0,2.191653532286764,1.6094379124341003
226,12,WD 4TB Gaming Drive Works with Playstation 4 Portable External Hard Drive,electronics,114.0,4,2026-04-27,456.0,2026,4,27,0,18,0,4.74493212836325,1.6094379124341003
387,19,Opna Women's Short Sleeve Moisture,women's clothing,7.95,5,2026-04-27,39.75,2026,4,27,0,18,0,2.191653532286764,1.791759469228055
197,11,Silicon Power 256GB SSD 3D NAND A55 SLC Cache Performance Boost SATA III 2.5,electronics,109.0,1,2026-04-27,109.0,2026,4,27,0,18,0,4.700480365792417,0.6931471805599453
44,4,Mens Casual Slim Fit,men's clothing,15.99,4,2026-04-27,63.96,2026,4,27,0,18,0,2.8326249356838407,1.6094379124341003
200,11,Silicon Power 256GB SSD 3D NAND A55 SLC Cache Performance Boost SATA III 2.5,electronics,109.0,4,2026-04-27,436.0,2026,4,27,0,18,0,4.700480365792417,1.6094379124341003
254,13,Acer SB220Q bi 21.5 inches Full HD (1920 x 1080) IPS Ultra-Thin,electronics,599.0,3,2026-04-27,1797.0,2026,4,27,0,18,0,6.396929655216146,1.3862943611198906
142,8,Pierced Owl Rose Gold Plated Stainless Steel Double,jewelery,10.99,3,2026-04-27,32.97,2026,4,27,0,18,0,2.4840729690394228,1.3862943611198906
273,14,Samsung 49-Inch CHG90 144Hz Curved Gaming Monitor (LC49HG90DMNXZA) – Super Ultrawide Screen QLED ,electronics,999.99,4,2026-04-27,3999.96,2026,4,27,0,18,0,6.90874478925533,1.6094379124341003
287,15,BIYLACLESEN Women's 3-in-1 Snowboard Jacket Winter Coats,women's clothing,56.99,2,2026-04-27,113.98,2026,4,27,0,18,0,4.060270581888349,1.0986122886681098
97,6,Solid Gold Petite Micropave ,jewelery,168.0,4,2026-04-27,672.0,2026,4,27,0,18,0,5.1298987149230735,1.6094379124341003
283,14,Samsung 49-Inch CHG90 144Hz Curved Gaming Monitor (LC49HG90DMNXZA) – Super Ultrawide Screen QLED ,electronics,999.99,3,2026-04-27,2999.97,2026,4,27,0,18,0,6.90874478925533,1.3862943611198906
4,1,"Fjallraven - Foldsack No. 1 Backpack, Fits 15 Laptops",men's clothing,109.95,5,2026-04-27,549.75,2026,4,27,0,18,0,4.709079649378603,1.791759469228055
76,5,John Hardy Women's Legends Naga Gold & Silver Dragon Station Chain Bracelet,jewelery,695.0,2,2026-04-28,1390.0,2026,4,28,1,18,0,6.54534966033442,1.0986122886681098
102,6,Solid Gold Petite Micropave ,jewelery,168.0,4,2026-04-28,672.0,2026,4,28,1,18,0,5.1298987149230735,1.6094379124341003
314,16,Lock and Love Women's Removable Hooded Faux Leather Moto Biker Jacket,women's clothing,29.95,3,2026-04-28,89.85,2026,4,28,1,18,0,3.432372999130605,1.3862943611198906
159,9,WD 2TB Elements Portable External Hard Drive - USB 3.0 ,electronics,64.0,3,2026-04-28,192.0,2026,4,28,1,18,0,4.174387269895637,1.3862943611198906
129,8,Pierced Owl Rose Gold Plated Stainless Steel Double,jewelery,10.99,4,2026-04-28,43.96,2026,4,28,1,18,0,2.4840729690394228,1.6094379124341003
378,19,Opna Women's Short Sleeve Moisture,women's clothing,7.95,4,2026-04-28,31.8,2026,4,28,1,18,0,2.191653532286764,1.6094379124341003
398,20,DANVOUY Womens T Shirt Casual Cotton Short,women's clothing,12.99,3,2026-04-28,38.97,2026,4,28,1,18,0,2.63834278867739,1.3862943611198906
264,13,Acer SB220Q bi 21.5 inches Full HD (1920 x 1080) IPS Ultra-Thin,electronics,599.0,4,2026-04-28,2396.0,2026,4,28,1,18,0,6.396929655216146,1.6094379124341003
307,15,BIYLACLESEN Women's 3-in-1 Snowboard Jacket Winter Coats,women's clothing,56.99,1,2026-04-28,56.99,2026,4,28,1,18,0,4.060270581888349,0.6931471805599453
392,20,DANVOUY Womens T Shirt Casual Cotton Short,women's clothing,12.99,4,2026-04-28,51.96,2026,4,28,1,18,0,2.63834278867739,1.6094379124341003
240,13,Acer SB220Q bi 21.5 inches Full HD (1920 x 1080) IPS Ultra-Thin,electronics,599.0,2,2026-04-28,1198.0,2026,4,28,1,18,0,6.396929655216146,1.0986122886681098
52,4,Mens Casual Slim Fit,men's clothing,15.99,4,2026-04-28,63.96,2026,4,28,1,18,0,2.8326249356838407,1.6094379124341003
92,6,Solid Gold Petite Micropave ,jewelery,168.0,5,2026-04-29,840.0,2026,4,29,2,18,0,5.1298987149230735,1.791759469228055
130,8,Pierced Owl Rose Gold Plated Stainless Steel Double,jewelery,10.99,2,2026-04-29,21.98,2026,4,29,2,18,0,2.4840729690394228,1.0986122886681098
211,11,Silicon Power 256GB SSD 3D NAND A55 SLC Cache Performance Boost SATA III 2.5,electronics,109.0,2,2026-04-29,218.0,2026,4,29,2,18,0,4.700480365792417,1.0986122886681098
363,18,MBJ Women's Solid Short Sleeve Boat Neck V ,women's clothing,9.85,1,2026-04-29,9.85,2026,4,29,2,18,0,2.3841650799864684,0.6931471805599453
201,11,Silicon Power 256GB SSD 3D NAND A55 SLC Cache Performance Boost SATA III 2.5,electronics,109.0,5,2026-04-29,545.0,2026,4,29,2,18,0,4.700480365792417,1.791759469228055
298,15,BIYLACLESEN Women's 3-in-1 Snowboard Jacket Winter Coats,women's clothing,56.99,4,2026-04-29,227.96,2026,4,29,2,18,0,4.060270581888349,1.6094379124341003
101,6,Solid Gold Petite Micropave ,jewelery,168.0,5,2026-04-29,840.0,2026,4,29,2,18,0,5.1298987149230735,1.791759469228055
345,17,Rain Jacket Women Windbreaker Striped Climbing Raincoats,women's clothing,39.99,3,2026-04-29,119.97,2026,4,29,2,18,0,3.7133281345162463,1.3862943611198906
74,5,John Hardy Women's Legends Naga Gold & Silver Dragon Station Chain Bracelet,jewelery,695.0,1,2026-04-29,695.0,2026,4,29,2,18,0,6.54534966033442,0.6931471805599453
24,2,Mens Casual Premium Slim Fit T-Shirts ,men's clothing,22.3,4,2026-04-29,89.2,2026,4,29,2,18,0,3.1484533605716547,1.6094379124341003
263,13,Acer SB220Q bi 21.5 inches Full HD (1920 x 1080) IPS Ultra-Thin,electronics,599.0,5,2026-04-29,2995.0,2026,4,29,2,18,0,6.396929655216146,1.791759469228055
381,19,Opna Women's Short Sleeve Moisture,women's clothing,7.95,5,2026-04-29,39.75,2026,4,29,2,18,0,2.191653532286764,1.791759469228055
21,2,Mens Casual Premium Slim Fit T-Shirts ,men's clothing,22.3,3,2026-04-29,66.9,2026,4,29,2,18,0,3.1484533605716547,1.3862943611198906
388,19,Opna Women's Short Sleeve Moisture,women's clothing,7.95,5,2026-04-29,39.75,2026,4,29,2,18,0,2.191653532286764,1.791759469228055
78,5,John Hardy Women's Legends Naga Gold & Silver Dragon Station Chain Bracelet,jewelery,695.0,2,2026-04-29,1390.0,2026,4,29,2,18,0,6.54534966033442,1.0986122886681098
334,16,Lock and Love Women's Removable Hooded Faux Leather Moto Biker Jacket,women's clothing,29.95,5,2026-04-29,149.75,2026,4,29,2,18,0,3.432372999130605,1.791759469228055
389,19,Opna Women's Short Sleeve Moisture,women's clothing,7.95,3,2026-04-29,23.85,2026,4,29,2,18,0,2.191653532286764,1.3862943611198906
272,14,Samsung 49-Inch CHG90 144Hz Curved Gaming Monitor (LC49HG90DMNXZA) – Super Ultrawide Screen QLED ,electronics,999.99,3,2026-04-29,2999.97,2026,4,29,2,18,0,6.90874478925533,1.3862943611198906
122,7,White Gold Plated Princess,jewelery,9.99,1,2026-04-30,9.99,2026,4,30,3,18,0,2.39698576841553,0.6931471805599453
207,11,Silicon Power 256GB SSD 3D NAND A55 SLC Cache Performance Boost SATA III 2.5,electronics,109.0,3,2026-04-30,327.0,2026,4,30,3,18,0,4.700480365792417,1.3862943611198906
219,12,WD 4TB Gaming Drive Works with Playstation 4 Portable External Hard Drive,electronics,114.0,4,2026-04-30,456.0,2026,4,30,3,18,0,4.74493212836325,1.6094379124341003
163,9,WD 2TB Elements Portable External Hard Drive - USB 3.0 ,electronics,64.0,2,2026-04-30,128.0,2026,4,30,3,18,0,4.174387269895637,1.0986122886681098
158,9,WD 2TB Elements Portable External Hard Drive - USB 3.0 ,electronics,64.0,1,2026-04-30,64.0,2026,4,30,3,18,0,4.174387269895637,0.6931471805599453
245,13,Acer SB220Q bi 21.5 inches Full HD (1920 x 1080) IPS Ultra-Thin,electronics,599.0,5,2026-04-30,2995.0,2026,4,30,3,18,0,6.396929655216146,1.791759469228055
149,8,Pierced Owl Rose Gold Plated Stainless Steel Double,jewelery,10.99,2,2026-04-30,21.98,2026,4,30,3,18,0,2.4840729690394228,1.0986122886681098
148,8,Pierced Owl Rose Gold Plated Stainless Steel Double,jewelery,10.99,3,2026-04-30,32.97,2026,4,30,3,18,0,2.4840729690394228,1.3862943611198906
249,13,Acer SB220Q bi 21.5 inches Full HD (1920 x 1080) IPS Ultra-Thin,electronics,599.0,3,2026-04-30,1797.0,2026,4,30,3,18,0,6.396929655216146,1.3862943611198906
251,13,Acer SB220Q bi 21.5 inches Full HD (1920 x 1080) IPS Ultra-Thin,electronics,599.0,2,2026-04-30,1198.0,2026,4,30,3,18,0,6.396929655216146,1.0986122886681098
188,10,SanDisk SSD PLUS 1TB Internal SSD - SATA III 6 Gb/s,electronics,109.0,1,2026-04-30,109.0,2026,4,30,3,18,0,4.700480365792417,0.6931471805599453
111,7,White Gold Plated Princess,jewelery,9.99,4,2026-04-30,39.96,2026,4,30,3,18,0,2.39698576841553,1.6094379124341003
46,4,Mens Casual Slim Fit,men's clothing,15.99,3,2026-04-30,47.97,2026,4,30,3,18,0,2.8326249356838407,1.3862943611198906
23,2,Mens Casual Premium Slim Fit T-Shirts ,men's clothing,22.3,1,2026-04-30,22.3,2026,4,30,3,18,0,3.1484533605716547,0.6931471805599453
6,1,"Fjallraven - Foldsack No. 1 Backpack, Fits 15 Laptops",men's clothing,109.95,4,2026-05-01,439.8,2026,5,1,4,18,0,4.709079649378603,1.6094379124341003
165,9,WD 2TB Elements Portable External Hard Drive - USB 3.0 ,electronics,64.0,1,2026-05-01,64.0,2026,5,1,4,18,0,4.174387269895637,0.6931471805599453
379,19,Opna Women's Short Sleeve Moisture,women's clothing,7.95,5,2026-05-01,39.75,2026,5,1,4,18,0,2.191653532286764,1.791759469228055
250,13,Acer SB220Q bi 21.5 inches Full HD (1920 x 1080) IPS Ultra-Thin,electronics,599.0,4,2026-05-01,2396.0,2026,5,1,4,18,0,6.396929655216146,1.6094379124341003
12,1,"Fjallraven - Foldsack No. 1 Backpack, Fits 15 Laptops",men's clothing,109.95,3,2026-05-01,329.85,2026,5,1,4,18,0,4.709079649378603,1.3862943611198906
50,4,Mens Casual Slim Fit,men's clothing,15.99,5,2026-05-01,79.95,2026,5,1,4,18,0,2.8326249356838407,1.791759469228055
115,7,White Gold Plated Princess,jewelery,9.99,5,2026-05-01,49.95,2026,5,1,4,18,0,2.39698576841553,1.791759469228055
268,14,Samsung 49-Inch CHG90 144Hz Curved Gaming Monitor (LC49HG90DMNXZA) – Super Ultrawide Screen QLED ,electronics,999.99,2,2026-05-01,1999.98,2026,5,1,4,18,0,6.90874478925533,1.0986122886681098
48,4,Mens Casual Slim Fit,men's clothing,15.99,3,2026-05-01,47.97,2026,5,1,4,18,0,2.8326249356838407,1.3862943611198906
210,11,Silicon Power 256GB SSD 3D NAND A55 SLC Cache Performance Boost SATA III 2.5,electronics,109.0,5,2026-05-01,545.0,2026,5,1,4,18,0,4.700480365792417,1.791759469228055
408,20,DANVOUY Womens T Shirt Casual Cotton Short,women's clothing,12.99,1,2026-05-01,12.99,2026,5,1,4,18,0,2.63834278867739,0.6931471805599453
157,9,WD 2TB Elements Portable External Hard Drive - USB 3.0 ,electronics,64.0,2,2026-05-01,128.0,2026,5,1,4,18,0,4.174387269895637,1.0986122886681098
242,13,Acer SB220Q bi 21.5 inches Full HD (1920 x 1080) IPS Ultra-Thin,electronics,599.0,4,2026-05-01,2396.0,2026,5,1,4,18,0,6.396929655216146,1.6094379124341003
323,16,Lock and Love Women's Removable Hooded Faux Leather Moto Biker Jacket,women's clothing,29.95,2,2026-05-01,59.9,2026,5,1,4,18,0,3.432372999130605,1.0986122886681098
275,14,Samsung 49-Inch CHG90 144Hz Curved Gaming Monitor (LC49HG90DMNXZA) – Super Ultrawide Screen QLED ,electronics,999.99,2,2026-05-01,1999.98,2026,5,1,4,18,0,6.90874478925533,1.0986122886681098
147,8,Pierced Owl Rose Gold Plated Stainless Steel Double,jewelery,10.99,2,2026-05-02,21.98,2026,5,2,5,18,1,2.4840729690394228,1.0986122886681098
61,5,John Hardy Women's Legends Naga Gold & Silver Dragon Station Chain Bracelet,jewelery,695.0,5,2026-05-02,3475.0,2026,5,2,5,18,1,6.54534966033442,1.791759469228055
305,15,BIYLACLESEN Women's 3-in-1 Snowboard Jacket Winter Coats,women's clothing,56.99,3,2026-05-02,170.97,2026,5,2,5,18,1,4.060270581888349,1.3862943611198906
319,16,Lock and Love Women's Removable Hooded Faux Leather Moto Biker Jacket,women's clothing,29.95,2,2026-05-02,59.9,2026,5,2,5,18,1,3.432372999130605,1.0986122886681098
33,3,Mens Cotton Jacket,men's clothing,55.99,3,2026-05-02,167.97,2026,5,2,5,18,1,4.0428758138469085,1.3862943611198906
332,16,Lock and Love Women's Removable Hooded Faux Leather Moto Biker Jacket,women's clothing,29.95,3,2026-05-02,89.85,2026,5,2,5,18,1,3.432372999130605,1.3862943611198906
357,17,Rain Jacket Women Windbreaker Striped Climbing Raincoats,women's clothing,39.99,5,2026-05-02,199.95,2026,5,2,5,18,1,3.7133281345162463,1.791759469228055
260,13,Acer SB220Q bi 21.5 inches Full HD (1920 x 1080) IPS Ultra-Thin,electronics,599.0,2,2026-05-02,1198.0,2026,5,2,5,18,1,6.396929655216146,1.0986122886681098
71,5,John Hardy Women's Legends Naga Gold & Silver Dragon Station Chain Bracelet,jewelery,695.0,1,2026-05-02,695.0,2026,5,2,5,18,1,6.54534966033442,0.6931471805599453
220,12,WD 4TB Gaming Drive Works with Playstation 4 Portable External Hard Drive,electronics,114.0,4,2026-05-03,456.0,2026,5,3,6,18,1,4.74493212836325,1.6094379124341003
62,5,John Hardy Women's Legends Naga Gold & Silver Dragon Station Chain Bracelet,jewelery,695.0,5,2026-05-03,3475.0,2026,5,3,6,18,1,6.54534966033442,1.791759469228055
368,18,MBJ Women's Solid Short Sleeve Boat Neck V ,women's clothing,9.85,1,2026-05-03,9.85,2026,5,3,6,18,1,2.3841650799864684,0.6931471805599453
291,15,BIYLACLESEN Women's 3-in-1 Snowboard Jacket Winter Coats,women's clothing,56.99,5,2026-05-03,284.95,2026,5,3,6,18,1,4.060270581888349,1.791759469228055
49,4,Mens Casual Slim Fit,men's clothing,15.99,4,2026-05-03,63.96,2026,5,3,6,18,1,2.8326249356838407,1.6094379124341003
308,15,BIYLACLESEN Women's 3-in-1 Snowboard Jacket Winter Coats,women's clothing,56.99,3,2026-05-03,170.97,2026,5,3,6,18,1,4.060270581888349,1.3862943611198906
14,2,Mens Casual Premium Slim Fit T-Shirts ,men's clothing,22.3,4,2026-05-03,89.2,2026,5,3,6,18,1,3.1484533605716547,1.6094379124341003
3,1,"Fjallraven - Foldsack No. 1 Backpack, Fits 15 Laptops",men's clothing,109.95,5,2026-05-03,549.75,2026,5,3,6,18,1,4.709079649378603,1.791759469228055
131,8,Pierced Owl Rose Gold Plated Stainless Steel Double,jewelery,10.99,2,2026-05-03,21.98,2026,5,3,6,18,1,2.4840729690394228,1.0986122886681098
119,7,White Gold Plated Princess,jewelery,9.99,5,2026-05-03,49.95,2026,5,3,6,18,1,2.39698576841553,1.791759469228055
331,16,Lock and Love Women's Removable Hooded Faux Leather Moto Biker Jacket,women's clothing,29.95,1,2026-05-03,29.95,2026,5,3,6,18,1,3.432372999130605,0.6931471805599453
171,10,SanDisk SSD PLUS 1TB Internal SSD - SATA III 6 Gb/s,electronics,109.0,5,2026-05-04,545.0,2026,5,4,0,19,0,4.700480365792417,1.791759469228055
290,15,BIYLACLESEN Women's 3-in-1 Snowboard Jacket Winter Coats,women's clothing,56.99,4,2026-05-04,227.96,2026,5,4,0,19,0,4.060270581888349,1.6094379124341003
181,10,SanDisk SSD PLUS 1TB Internal SSD - SATA III 6 Gb/s,electronics,109.0,4,2026-05-04,436.0,2026,5,4,0,19,0,4.700480365792417,1.6094379124341003
9,1,"Fjallraven - Foldsack No. 1 Backpack, Fits 15 Laptops",men's clothing,109.95,4,2026-05-04,439.8,2026,5,4,0,19,0,4.709079649378603,1.6094379124341003
330,16,Lock and Love Women's Removable Hooded Faux Leather Moto Biker Jacket,women's clothing,29.95,1,2026-05-04,29.95,2026,5,4,0,19,0,3.432372999130605,0.6931471805599453
53,4,Mens Casual Slim Fit,men's clothing,15.99,2,2026-05-04,31.98,2026,5,4,0,19,0,2.8326249356838407,1.0986122886681098
375,19,Opna Women's Short Sleeve Moisture,women's clothing,7.95,1,2026-05-04,7.95,2026,5,4,0,19,0,2.191653532286764,0.6931471805599453
169,10,SanDisk SSD PLUS 1TB Internal SSD - SATA III 6 Gb/s,electronics,109.0,3,2026-05-04,327.0,2026,5,4,0,19,0,4.700480365792417,1.3862943611198906
366,18,MBJ Women's Solid Short Sleeve Boat Neck V ,women's clothing,9.85,2,2026-05-04,19.7,2026,5,4,0,19,0,2.3841650799864684,1.0986122886681098
271,14,Samsung 49-Inch CHG90 144Hz Curved Gaming Monitor (LC49HG90DMNXZA) – Super Ultrawide Screen QLED ,electronics,999.99,2,2026-05-05,1999.98,2026,5,5,1,19,0,6.90874478925533,1.0986122886681098
328,16,Lock and Love Women's Removable Hooded Faux Leather Moto Biker Jacket,women's clothing,29.95,4,2026-05-05,119.8,2026,5,5,1,19,0,3.432372999130605,1.6094379124341003
79,5,John Hardy Women's Legends Naga Gold & Silver Dragon Station Chain Bracelet,jewelery,695.0,3,2026-05-05,2085.0,2026,5,5,1,19,0,6.54534966033442,1.3862943611198906
343,17,Rain Jacket Women Windbreaker Striped Climbing Raincoats,women's clothing,39.99,1,2026-05-05,39.99,2026,5,5,1,19,0,3.7133281345162463,0.6931471805599453
351,17,Rain Jacket Women Windbreaker Striped Climbing Raincoats,women's clothing,39.99,2,2026-05-05,79.98,2026,5,5,1,19,0,3.7133281345162463,1.0986122886681098
360,18,MBJ Women's Solid Short Sleeve Boat Neck V ,women's clothing,9.85,4,2026-05-05,39.4,2026,5,5,1,19,0,2.3841650799864684,1.6094379124341003
164,9,WD 2TB Elements Portable External Hard Drive - USB 3.0 ,electronics,64.0,5,2026-05-05,320.0,2026,5,5,1,19,0,4.174387269895637,1.791759469228055
230,12,WD 4TB Gaming Drive Works with Playstation 4 Portable External Hard Drive,electronics,114.0,4,2026-05-05,456.0,2026,5,5,1,19,0,4.74493212836325,1.6094379124341003
7,1,"Fjallraven - Foldsack No. 1 Backpack, Fits 15 Laptops",men's clothing,109.95,1,2026-05-05,109.95,2026,5,5,1,19,0,4.709079649378603,0.6931471805599453
208,11,Silicon Power 256GB SSD 3D NAND A55 SLC Cache Performance Boost SATA III 2.5,electronics,109.0,3,2026-05-05,327.0,2026,5,5,1,19,0,4.700480365792417,1.3862943611198906
223,12,WD 4TB Gaming Drive Works with Playstation 4 Portable External Hard Drive,electronics,114.0,3,2026-05-06,342.0,2026,5,6,2,19,0,4.74493212836325,1.3862943611198906
395,20,DANVOUY Womens T Shirt Casual Cotton Short,women's clothing,12.99,3,2026-05-06,38.97,2026,5,6,2,19,0,2.63834278867739,1.3862943611198906
382,19,Opna Women's Short Sleeve Moisture,women's clothing,7.95,5,2026-05-06,39.75,2026,5,6,2,19,0,2.191653532286764,1.791759469228055
364,18,MBJ Women's Solid Short Sleeve Boat Neck V ,women's clothing,9.85,3,2026-05-06,29.55,2026,5,6,2,19,0,2.3841650799864684,1.3862943611198906
407,20,DANVOUY Womens T Shirt Casual Cotton Short,women's clothing,12.99,5,2026-05-06,64.95,2026,5,6,2,19,0,2.63834278867739,1.791759469228055
96,6,Solid Gold Petite Micropave ,jewelery,168.0,3,2026-05-06,504.0,2026,5,6,2,19,0,5.1298987149230735,1.3862943611198906
259,13,Acer SB220Q bi 21.5 inches Full HD (1920 x 1080) IPS Ultra-Thin,electronics,599.0,3,2026-05-06,1797.0,2026,5,6,2,19,0,6.396929655216146,1.3862943611198906
333,16,Lock and Love Women's Removable Hooded Faux Leather Moto Biker Jacket,women's clothing,29.95,5,2026-05-06,149.75,2026,5,6,2,19,0,3.432372999130605,1.791759469228055
281,14,Samsung 49-Inch CHG90 144Hz Curved Gaming Monitor (LC49HG90DMNXZA) – Super Ultrawide Screen QLED ,electronics,999.99,3,2026-05-06,2999.97,2026,5,6,2,19,0,6.90874478925533,1.3862943611198906
45,4,Mens Casual Slim Fit,men's clothing,15.99,2,2026-05-06,31.98,2026,5,6,2,19,0,2.8326249356838407,1.0986122886681098
367,18,MBJ Women's Solid Short Sleeve Boat Neck V ,women's clothing,9.85,2,2026-05-07,19.7,2026,5,7,3,19,0,2.3841650799864684,1.0986122886681098
103,6,Solid Gold Petite Micropave ,jewelery,168.0,1,2026-05-07,168.0,2026,5,7,3,19,0,5.1298987149230735,0.6931471805599453
88,6,Solid Gold Petite Micropave ,jewelery,168.0,2,2026-05-07,336.0,2026,5,7,3,19,0,5.1298987149230735,1.0986122886681098
217,12,WD 4TB Gaming Drive Works with Playstation 4 Portable External Hard Drive,electronics,114.0,1,2026-05-07,114.0,2026,5,7,3,19,0,4.74493212836325,0.6931471805599453
104,6,Solid Gold Petite Micropave ,jewelery,168.0,2,2026-05-07,336.0,2026,5,7,3,19,0,5.1298987149230735,1.0986122886681098
140,8,Pierced Owl Rose Gold Plated Stainless Steel Double,jewelery,10.99,1,2026-05-07,10.99,2026,5,7,3,19,0,2.4840729690394228,0.6931471805599453
374,19,Opna Women's Short Sleeve Moisture,women's clothing,7.95,2,2026-05-07,15.9,2026,5,7,3,19,0,2.191653532286764,1.0986122886681098
184,10,SanDisk SSD PLUS 1TB Internal SSD - SATA III 6 Gb/s,electronics,109.0,1,2026-05-07,109.0,2026,5,7,3,19,0,4.700480365792417,0.6931471805599453
66,5,John Hardy Women's Legends Naga Gold & Silver Dragon Station Chain Bracelet,jewelery,695.0,5,2026-05-07,3475.0,2026,5,7,3,19,0,6.54534966033442,1.791759469228055
161,9,WD 2TB Elements Portable External Hard Drive - USB 3.0 ,electronics,64.0,4,2026-05-07,256.0,2026,5,7,3,19,0,4.174387269895637,1.6094379124341003
191,11,Silicon Power 256GB SSD 3D NAND A55 SLC Cache Performance Boost SATA III 2.5,electronics,109.0,1,2026-05-07,109.0,2026,5,7,3,19,0,4.700480365792417,0.6931471805599453
295,15,BIYLACLESEN Women's 3-in-1 Snowboard Jacket Winter Coats,women's clothing,56.99,2,2026-05-07,113.98,2026,5,7,3,19,0,4.060270581888349,1.0986122886681098
270,14,Samsung 49-Inch CHG90 144Hz Curved Gaming Monitor (LC49HG90DMNXZA) – Super Ultrawide Screen QLED ,electronics,999.99,4,2026-05-07,3999.96,2026,5,7,3,19,0,6.90874478925533,1.6094379124341003
77,5,John Hardy Women's Legends Naga Gold & Silver Dragon Station Chain Bracelet,jewelery,695.0,1,2026-05-08,695.0,2026,5,8,4,19,0,6.54534966033442,0.6931471805599453
137,8,Pierced Owl Rose Gold Plated Stainless Steel Double,jewelery,10.99,4,2026-05-08,43.96,2026,5,8,4,19,0,2.4840729690394228,1.6094379124341003
294,15,BIYLACLESEN Women's 3-in-1 Snowboard Jacket Winter Coats,women's clothing,56.99,4,2026-05-08,227.96,2026,5,8,4,19,0,4.060270581888349,1.6094379124341003
110,7,White Gold Plated Princess,jewelery,9.99,5,2026-05-08,49.95,2026,5,8,4,19,0,2.39698576841553,1.791759469228055
401,20,DANVOUY Womens T Shirt Casual Cotton Short,women's clothing,12.99,1,2026-05-08,12.99,2026,5,8,4,19,0,2.63834278867739,0.6931471805599453
89,6,Solid Gold Petite Micropave ,jewelery,168.0,5,2026-05-08,840.0,2026,5,8,4,19,0,5.1298987149230735,1.791759469228055
127,8,Pierced Owl Rose Gold Plated Stainless Steel Double,jewelery,10.99,5,2026-05-08,54.95,2026,5,8,4,19,0,2.4840729690394228,1.791759469228055
346,17,Rain Jacket Women Windbreaker Striped Climbing Raincoats,women's clothing,39.99,5,2026-05-08,199.95,2026,5,8,4,19,0,3.7133281345162463,1.791759469228055
257,13,Acer SB220Q bi 21.5 inches Full HD (1920 x 1080) IPS Ultra-Thin,electronics,599.0,5,2026-05-08,2995.0,2026,5,8,4,19,0,6.396929655216146,1.791759469228055
63,5,John Hardy Women's Legends Naga Gold & Silver Dragon Station Chain Bracelet,jewelery,695.0,3,2026-05-08,2085.0,2026,5,8,4,19,0,6.54534966033442,1.3862943611198906
32,3,Mens Cotton Jacket,men's clothing,55.99,2,2026-05-08,111.98,2026,5,8,4,19,0,4.0428758138469085,1.0986122886681098
258,13,Acer SB220Q bi 21.5 inches Full HD (1920 x 1080) IPS Ultra-Thin,electronics,599.0,5,2026-05-09,2995.0,2026,5,9,5,19,1,6.396929655216146,1.791759469228055
261,13,Acer SB220Q bi 21.5 inches Full HD (1920 x 1080) IPS Ultra-Thin,electronics,599.0,3,2026-05-09,1797.0,2026,5,9,5,19,1,6.396929655216146,1.3862943611198906
262,13,Acer SB220Q bi 21.5 inches Full HD (1920 x 1080) IPS Ultra-Thin,electronics,599.0,1,2026-05-09,599.0,2026,5,9,5,19,1,6.396929655216146,0.6931471805599453
141,8,Pierced Owl Rose Gold Plated Stainless Steel Double,jewelery,10.99,3,2026-05-09,32.97,2026,5,9,5,19,1,2.4840729690394228,1.3862943611198906
151,8,Pierced Owl Rose Gold Plated Stainless Steel Double,jewelery,10.99,5,2026-05-09,54.95,2026,5,9,5,19,1,2.4840729690394228,1.791759469228055
187,10,SanDisk SSD PLUS 1TB Internal SSD - SATA III 6 Gb/s,electronics,109.0,3,2026-05-09,327.0,2026,5,9,5,19,1,4.700480365792417,1.3862943611198906
160,9,WD 2TB Elements Portable External Hard Drive - USB 3.0 ,electronics,64.0,4,2026-05-09,256.0,2026,5,9,5,19,1,4.174387269895637,1.6094379124341003
34,3,Mens Cotton Jacket,men's clothing,55.99,3,2026-05-09,167.97,2026,5,9,5,19,1,4.0428758138469085,1.3862943611198906
136,8,Pierced Owl Rose Gold Plated Stainless Steel Double,jewelery,10.99,3,2026-05-09,32.97,2026,5,9,5,19,1,2.4840729690394228,1.3862943611198906
233,12,WD 4TB Gaming Drive Works with Playstation 4 Portable External Hard Drive,electronics,114.0,2,2026-05-09,228.0,2026,5,9,5,19,1,4.74493212836325,1.0986122886681098
186,10,SanDisk SSD PLUS 1TB Internal SSD - SATA III 6 Gb/s,electronics,109.0,1,2026-05-09,109.0,2026,5,9,5,19,1,4.700480365792417,0.6931471805599453
386,19,Opna Women's Short Sleeve Moisture,women's clothing,7.95,2,2026-05-09,15.9,2026,5,9,5,19,1,2.191653532286764,1.0986122886681098
224,12,WD 4TB Gaming Drive Works with Playstation 4 Portable External Hard Drive,electronics,114.0,4,2026-05-09,456.0,2026,5,9,5,19,1,4.74493212836325,1.6094379124341003
288,15,BIYLACLESEN Women's 3-in-1 Snowboard Jacket Winter Coats,women's clothing,56.99,2,2026-05-09,113.98,2026,5,9,5,19,1,4.060270581888349,1.0986122886681098
221,12,WD 4TB Gaming Drive Works with Playstation 4 Portable External Hard Drive,electronics,114.0,5,2026-05-09,570.0,2026,5,9,5,19,1,4.74493212836325,1.791759469228055
393,20,DANVOUY Womens T Shirt Casual Cotton Short,women's clothing,12.99,2,2026-05-09,25.98,2026,5,9,5,19,1,2.63834278867739,1.0986122886681098
289,15,BIYLACLESEN Women's 3-in-1 Snowboard Jacket Winter Coats,women's clothing,56.99,3,2026-05-09,170.97,2026,5,9,5,19,1,4.060270581888349,1.3862943611198906
180,10,SanDisk SSD PLUS 1TB Internal SSD - SATA III 6 Gb/s,electronics,109.0,2,2026-05-09,218.0,2026,5,9,5,19,1,4.700480365792417,1.0986122886681098
306,15,BIYLACLESEN Women's 3-in-1 Snowboard Jacket Winter Coats,women's clothing,56.99,3,2026-05-09,170.97,2026,5,9,5,19,1,4.060270581888349,1.3862943611198906
304,15,BIYLACLESEN Women's 3-in-1 Snowboard Jacket Winter Coats,women's clothing,56.99,4,2026-05-09,227.96,2026,5,9,5,19,1,4.060270581888349,1.6094379124341003
65,5,John Hardy Women's Legends Naga Gold & Silver Dragon Station Chain Bracelet,jewelery,695.0,1,2026-05-09,695.0,2026,5,9,5,19,1,6.54534966033442,0.6931471805599453
