actual,predicted,probability_high_value
0,0,0.03691482646817077
1,1,0.834749645017481
0,0,0.03233731290554845
0,0,0.009682877642720404
1,1,0.9842998526186891
0,0,0.009682877642720404
1,1,0.5764150152573175
0,1,0.8890623762965726
0,0,0.009771022069237786
0,0,0.05497357289501372
1,1,0.9885581641961821
1,1,0.9899509338828748
0,0,0.009104345406984887
1,1,0.9527880901625865
1,1,0.9005941075503413
0,0,0.4618450656259961
0,0,0.011721031149347017
0,0,0.008805019785528981
0,0,0.07270167257275494
1,1,0.5659624197269973
1,1,0.9877684121857863
1,1,0.9880168346941066
1,1,0.9789919948302803
1,1,0.9842998526186891
0,0,0.011854612732348922
0,0,0.009682877642720404
1,1,0.9717990465829587
1,1,0.9892100929535121
0,0,0.014786549287557647
1,1,0.9867768776951723
1,1,0.8040892768303333
0,1,0.5426725101855914
0,0,0.011854612732348922
0,1,0.5764150152573175
1,1,0.6346317894480139
1,1,0.9833443864681038
0,0,0.015758774720229
1,1,0.9943363679078526
0,0,0.009682877642720404
1,1,0.9899509338828748
1,1,0.9867768776951723
1,1,0.8890623762965726
1,1,0.9848997725090433
0,1,0.6045007092767765
1,1,0.9762929001153959
1,1,0.9899509338828748
1,1,0.7889413275299909
0,0,0.011721031149347017
0,0,0.045264399199141644
0,0,0.008279308612865981
0,0,0.008805019785528981
1,1,0.6911064705735066
1,1,0.9867768776951723
0,0,0.04234142407193916
0,0,0.014078127310380918
0,1,0.8687950857313285
1,1,0.9837979692112769
1,1,0.9800420233366963
0,0,0.009682877642720404
0,1,0.81622944236647
1,1,0.7092412923390297
1,1,0.7092412923390297
1,1,0.6853410299389636
0,0,0.008805019785528981
1,1,0.8777234704429198
0,0,0.009682877642720404
1,1,0.8203895592560977
0,0,0.009682877642720404
0,0,0.009682877642720404
1,1,0.7726218043290508
1,1,0.5298850056568806
0,1,0.7092412923390297
1,1,0.9899509338828748
0,0,0.011721031149347017
1,1,0.9892100929535121
0,0,0.011721031149347017
0,0,0.024584438823422382
0,0,0.011638822344271438
0,0,0.009682877642720404
0,0,0.009682877642720404
1,0,0.4618450656259961
0,0,0.014786549287557647
