sale_id,product_id,name,category,price,quantity,sale_date,total_price
274,14,Samsung 49-Inch CHG90 144Hz Curved Gaming Monitor (LC49HG90DMNXZA) – Super Ultrawide Screen QLED ,electronics,999.99,2,2026-04-09,1999.98
146,8,Pierced Owl Rose Gold Plated Stainless Steel Double,jewelery,10.99,4,2026-04-09,43.96
39,3,Mens Cotton Jacket,men's clothing,55.99,1,2026-04-09,55.99
318,16,Lock and Love Women's Removable Hooded Faux Leather Moto Biker Jacket,women's clothing,29.95,1,2026-04-09,29.95
98,6,Solid Gold Petite Micropave ,jewelery,168.0,3,2026-04-09,504.0
325,16,Lock and Love Women's Removable Hooded Faux Leather Moto Biker Jacket,women's clothing,29.95,1,2026-04-09,29.95
231,12,WD 4TB Gaming Drive Works with Playstation 4 Portable External Hard Drive,electronics,114.0,5,2026-04-09,570.0
218,12,WD 4TB Gaming Drive Works with Playstation 4 Portable External Hard Drive,electronics,114.0,2,2026-04-09,228.0
279,14,Samsung 49-Inch CHG90 144Hz Curved Gaming Monitor (LC49HG90DMNXZA) – Super Ultrawide Screen QLED ,electronics,999.99,5,2026-04-09,4999.95
341,17,Rain Jacket Women Windbreaker Striped Climbing Raincoats,women's clothing,39.99,2,2026-04-09,79.98
241,13,Acer SB220Q bi 21.5 inches Full HD (1920 x 1080) IPS Ultra-Thin,electronics,599.0,5,2026-04-09,2995.0
68,5,John Hardy Women's Legends Naga Gold & Silver Dragon Station Chain Bracelet,jewelery,695.0,5,2026-04-10,3475.0
135,8,Pierced Owl Rose Gold Plated Stainless Steel Double,jewelery,10.99,4,2026-04-10,43.96
117,7,White Gold Plated Princess,jewelery,9.99,2,2026-04-10,19.98
225,12,WD 4TB Gaming Drive Works with Playstation 4 Portable External Hard Drive,electronics,114.0,1,2026-04-10,114.0
154,9,WD 2TB Elements Portable External Hard Drive - USB 3.0 ,electronics,64.0,1,2026-04-10,64.0
196,11,Silicon Power 256GB SSD 3D NAND A55 SLC Cache Performance Boost SATA III 2.5,electronics,109.0,2,2026-04-10,218.0
327,16,Lock and Love Women's Removable Hooded Faux Leather Moto Biker Jacket,women's clothing,29.95,2,2026-04-10,59.9
83,6,Solid Gold Petite Micropave ,jewelery,168.0,3,2026-04-10,504.0
321,16,Lock and Love Women's Removable Hooded Faux Leather Moto Biker Jacket,women's clothing,29.95,4,2026-04-10,119.8
265,13,Acer SB220Q bi 21.5 inches Full HD (1920 x 1080) IPS Ultra-Thin,electronics,599.0,2,2026-04-10,1198.0
362,18,MBJ Women's Solid Short Sleeve Boat Neck V ,women's clothing,9.85,5,2026-04-10,49.25
373,19,Opna Women's Short Sleeve Moisture,women's clothing,7.95,2,2026-04-10,15.9
114,7,White Gold Plated Princess,jewelery,9.99,2,2026-04-10,19.98
150,8,Pierced Owl Rose Gold Plated Stainless Steel Double,jewelery,10.99,5,2026-04-10,54.95
352,17,Rain Jacket Women Windbreaker Striped Climbing Raincoats,women's clothing,39.99,2,2026-04-10,79.98
315,16,Lock and Love Women's Removable Hooded Faux Leather Moto Biker Jacket,women's clothing,29.95,2,2026-04-10,59.9
116,7,White Gold Plated Princess,jewelery,9.99,2,2026-04-10,19.98
302,15,BIYLACLESEN Women's 3-in-1 Snowboard Jacket Winter Coats,women's clothing,56.99,4,2026-04-10,227.96
5,1,"Fjallraven - Foldsack No. 1 Backpack, Fits 15 Laptops",men's clothing,109.95,1,2026-04-10,109.95
276,14,Samsung 49-Inch CHG90 144Hz Curved Gaming Monitor (LC49HG90DMNXZA) – Super Ultrawide Screen QLED ,electronics,999.99,1,2026-04-11,999.99
310,15,BIYLACLESEN Women's 3-in-1 Snowboard Jacket Winter Coats,women's clothing,56.99,1,2026-04-11,56.99
109,7,White Gold Plated Princess,jewelery,9.99,5,2026-04-11,49.95
403,20,DANVOUY Womens T Shirt Casual Cotton Short,women's clothing,12.99,3,2026-04-11,38.97
397,20,DANVOUY Womens T Shirt Casual Cotton Short,women's clothing,12.99,5,2026-04-11,64.95
20,2,Mens Casual Premium Slim Fit T-Shirts ,men's clothing,22.3,3,2026-04-11,66.9
28,3,Mens Cotton Jacket,men's clothing,55.99,3,2026-04-11,167.97
42,3,Mens Cotton Jacket,men's clothing,55.99,5,2026-04-11,279.95
216,12,WD 4TB Gaming Drive Works with Playstation 4 Portable External Hard Drive,electronics,114.0,1,2026-04-11,114.0
174,10,SanDisk SSD PLUS 1TB Internal SSD - SATA III 6 Gb/s,electronics,109.0,3,2026-04-11,327.0
353,17,Rain Jacket Women Windbreaker Striped Climbing Raincoats,women's clothing,39.99,2,2026-04-11,79.98
347,17,Rain Jacket Women Windbreaker Striped Climbing Raincoats,women's clothing,39.99,4,2026-04-11,159.96
342,17,Rain Jacket Women Windbreaker Striped Climbing Raincoats,women's clothing,39.99,2,2026-04-11,79.98
405,20,DANVOUY Womens T Shirt Casual Cotton Short,women's clothing,12.99,2,2026-04-11,25.98
335,16,Lock and Love Women's Removable Hooded Faux Leather Moto Biker Jacket,women's clothing,29.95,5,2026-04-11,149.75
118,7,White Gold Plated Princess,jewelery,9.99,2,2026-04-11,19.98
168,9,WD 2TB Elements Portable External Hard Drive - USB 3.0 ,electronics,64.0,5,2026-04-11,320.0
209,11,Silicon Power 256GB SSD 3D NAND A55 SLC Cache Performance Boost SATA III 2.5,electronics,109.0,5,2026-04-12,545.0
239,13,Acer SB220Q bi 21.5 inches Full HD (1920 x 1080) IPS Ultra-Thin,electronics,599.0,3,2026-04-12,1797.0
278,14,Samsung 49-Inch CHG90 144Hz Curved Gaming Monitor (LC49HG90DMNXZA) – Super Ultrawide Screen QLED ,electronics,999.99,5,2026-04-12,4999.95
203,11,Silicon Power 256GB SSD 3D NAND A55 SLC Cache Performance Boost SATA III 2.5,electronics,109.0,1,2026-04-12,109.0
361,18,MBJ Women's Solid Short Sleeve Boat Neck V ,women's clothing,9.85,5,2026-04-12,49.25
194,11,Silicon Power 256GB SSD 3D NAND A55 SLC Cache Performance Boost SATA III 2.5,electronics,109.0,5,2026-04-12,545.0
376,19,Opna Women's Short Sleeve Moisture,women's clothing,7.95,3,2026-04-12,23.85
19,2,Mens Casual Premium Slim Fit T-Shirts ,men's clothing,22.3,1,2026-04-12,22.3
246,13,Acer SB220Q bi 21.5 inches Full HD (1920 x 1080) IPS Ultra-Thin,electronics,599.0,3,2026-04-12,1797.0
124,8,Pierced Owl Rose Gold Plated Stainless Steel Double,jewelery,10.99,1,2026-04-12,10.99
316,16,Lock and Love Women's Removable Hooded Faux Leather Moto Biker Jacket,women's clothing,29.95,3,2026-04-12,89.85
95,6,Solid Gold Petite Micropave ,jewelery,168.0,5,2026-04-12,840.0
406,20,DANVOUY Womens T Shirt Casual Cotton Short,women's clothing,12.99,3,2026-04-12,38.97
399,20,DANVOUY Womens T Shirt Casual Cotton Short,women's clothing,12.99,2,2026-04-12,25.98
243,13,Acer SB220Q bi 21.5 inches Full HD (1920 x 1080) IPS Ultra-Thin,electronics,599.0,5,2026-04-12,2995.0
27,2,Mens Casual Premium Slim Fit T-Shirts ,men's clothing,22.3,3,2026-04-12,66.9
255,13,Acer SB220Q bi 21.5 inches Full HD (1920 x 1080) IPS Ultra-Thin,electronics,599.0,3,2026-04-12,1797.0
348,17,Rain Jacket Women Windbreaker Striped Climbing Raincoats,women's clothing,39.99,4,2026-04-12,159.96
286,15,BIYLACLESEN Women's 3-in-1 Snowboard Jacket Winter Coats,women's clothing,56.99,4,2026-04-13,227.96
8,1,"Fjallraven - Foldsack No. 1 Backpack, Fits 15 Laptops",men's clothing,109.95,2,2026-04-13,219.9
64,5,John Hardy Women's Legends Naga Gold & Silver Dragon Station Chain Bracelet,jewelery,695.0,2,2026-04-13,1390.0
90,6,Solid Gold Petite Micropave ,jewelery,168.0,3,2026-04-13,504.0
277,14,Samsung 49-Inch CHG90 144Hz Curved Gaming Monitor (LC49HG90DMNXZA) – Super Ultrawide Screen QLED ,electronics,999.99,5,2026-04-13,4999.95
313,16,Lock and Love Women's Removable Hooded Faux Leather Moto Biker Jacket,women's clothing,29.95,1,2026-04-13,29.95
384,19,Opna Women's Short Sleeve Moisture,women's clothing,7.95,5,2026-04-13,39.75
280,14,Samsung 49-Inch CHG90 144Hz Curved Gaming Monitor (LC49HG90DMNXZA) – Super Ultrawide Screen QLED ,electronics,999.99,5,2026-04-13,4999.95
81,5,John Hardy Women's Legends Naga Gold & Silver Dragon Station Chain Bracelet,jewelery,695.0,5,2026-04-13,3475.0
82,6,Solid Gold Petite Micropave ,jewelery,168.0,4,2026-04-13,672.0
37,3,Mens Cotton Jacket,men's clothing,55.99,2,2026-04-13,111.98
43,4,Mens Casual Slim Fit,men's clothing,15.99,3,2026-04-13,47.97
162,9,WD 2TB Elements Portable External Hard Drive - USB 3.0 ,electronics,64.0,4,2026-04-13,256.0
47,4,Mens Casual Slim Fit,men's clothing,15.99,4,2026-04-13,63.96
100,6,Solid Gold Petite Micropave ,jewelery,168.0,3,2026-04-14,504.0
18,2,Mens Casual Premium Slim Fit T-Shirts ,men's clothing,22.3,5,2026-04-14,111.5
177,10,SanDisk SSD PLUS 1TB Internal SSD - SATA III 6 Gb/s,electronics,109.0,3,2026-04-14,327.0
269,14,Samsung 49-Inch CHG90 144Hz Curved Gaming Monitor (LC49HG90DMNXZA) – Super Ultrawide Screen QLED ,electronics,999.99,5,2026-04-14,4999.95
133,8,Pierced Owl Rose Gold Plated Stainless Steel Double,jewelery,10.99,5,2026-04-14,54.95
238,13,Acer SB220Q bi 21.5 inches Full HD (1920 x 1080) IPS Ultra-Thin,electronics,599.0,1,2026-04-14,599.0
377,19,Opna Women's Short Sleeve Moisture,women's clothing,7.95,3,2026-04-14,23.85
1,1,"Fjallraven - Foldsack No. 1 Backpack, Fits 15 Laptops",men's clothing,109.95,1,2026-04-14,109.95
185,10,SanDisk SSD PLUS 1TB Internal SSD - SATA III 6 Gb/s,electronics,109.0,5,2026-04-14,545.0
227,12,WD 4TB Gaming Drive Works with Playstation 4 Portable External Hard Drive,electronics,114.0,3,2026-04-14,342.0
358,17,Rain Jacket Women Windbreaker Striped Climbing Raincoats,women's clothing,39.99,4,2026-04-14,159.96
40,3,Mens Cotton Jacket,men's clothing,55.99,2,2026-04-14,111.98
128,8,Pierced Owl Rose Gold Plated Stainless Steel Double,jewelery,10.99,3,2026-04-14,32.97
58,5,John Hardy Women's Legends Naga Gold & Silver Dragon Station Chain Bracelet,jewelery,695.0,3,2026-04-14,2085.0
41,3,Mens Cotton Jacket,men's clothing,55.99,5,2026-04-14,279.95
380,19,Opna Women's Short Sleeve Moisture,women's clothing,7.95,2,2026-04-15,15.9
22,2,Mens Casual Premium Slim Fit T-Shirts ,men's clothing,22.3,5,2026-04-15,111.5
204,11,Silicon Power 256GB SSD 3D NAND A55 SLC Cache Performance Boost SATA III 2.5,electronics,109.0,4,2026-04-15,436.0
35,3,Mens Cotton Jacket,men's clothing,55.99,1,2026-04-15,55.99
369,18,MBJ Women's Solid Short Sleeve Boat Neck V ,women's clothing,9.85,2,2026-04-15,19.7
365,18,MBJ Women's Solid Short Sleeve Boat Neck V ,women's clothing,9.85,4,2026-04-15,39.4
354,17,Rain Jacket Women Windbreaker Striped Climbing Raincoats,women's clothing,39.99,4,2026-04-15,159.96
57,5,John Hardy Women's Legends Naga Gold & Silver Dragon Station Chain Bracelet,jewelery,695.0,1,2026-04-15,695.0
350,17,Rain Jacket Women Windbreaker Striped Climbing Raincoats,women's clothing,39.99,4,2026-04-15,159.96
86,6,Solid Gold Petite Micropave ,jewelery,168.0,4,2026-04-15,672.0
93,6,Solid Gold Petite Micropave ,jewelery,168.0,1,2026-04-15,168.0
99,6,Solid Gold Petite Micropave ,jewelery,168.0,2,2026-04-15,336.0
107,6,Solid Gold Petite Micropave ,jewelery,168.0,3,2026-04-15,504.0
299,15,BIYLACLESEN Women's 3-in-1 Snowboard Jacket Winter Coats,women's clothing,56.99,1,2026-04-15,56.99
123,8,Pierced Owl Rose Gold Plated Stainless Steel Double,jewelery,10.99,4,2026-04-15,43.96
248,13,Acer SB220Q bi 21.5 inches Full HD (1920 x 1080) IPS Ultra-Thin,electronics,599.0,5,2026-04-15,2995.0
152,8,Pierced Owl Rose Gold Plated Stainless Steel Double,jewelery,10.99,4,2026-04-15,43.96
244,13,Acer SB220Q bi 21.5 inches Full HD (1920 x 1080) IPS Ultra-Thin,electronics,599.0,3,2026-04-15,1797.0
170,10,SanDisk SSD PLUS 1TB Internal SSD - SATA III 6 Gb/s,electronics,109.0,5,2026-04-15,545.0
10,1,"Fjallraven - Foldsack No. 1 Backpack, Fits 15 Laptops",men's clothing,109.95,3,2026-04-15,329.85
213,11,Silicon Power 256GB SSD 3D NAND A55 SLC Cache Performance Boost SATA III 2.5,electronics,109.0,1,2026-04-15,109.0
212,11,Silicon Power 256GB SSD 3D NAND A55 SLC Cache Performance Boost SATA III 2.5,electronics,109.0,5,2026-04-15,545.0
144,8,Pierced Owl Rose Gold Plated Stainless Steel Double,jewelery,10.99,2,2026-04-16,21.98
370,18,MBJ Women's Solid Short Sleeve Boat Neck V ,women's clothing,9.85,4,2026-04-16,39.4
189,11,Silicon Power 256GB SSD 3D NAND A55 SLC Cache Performance Boost SATA III 2.5,electronics,109.0,2,2026-04-16,218.0
247,13,Acer SB220Q bi 21.5 inches Full HD (1920 x 1080) IPS Ultra-Thin,electronics,599.0,1,2026-04-16,599.0
11,1,"Fjallraven - Foldsack No. 1 Backpack, Fits 15 Laptops",men's clothing,109.95,2,2026-04-16,219.9
190,11,Silicon Power 256GB SSD 3D NAND A55 SLC Cache Performance Boost SATA III 2.5,electronics,109.0,3,2026-04-16,327.0
237,12,WD 4TB Gaming Drive Works with Playstation 4 Portable External Hard Drive,electronics,114.0,2,2026-04-16,228.0
2,1,"Fjallraven - Foldsack No. 1 Backpack, Fits 15 Laptops",men's clothing,109.95,3,2026-04-16,329.85
153,9,WD 2TB Elements Portable External Hard Drive - USB 3.0 ,electronics,64.0,3,2026-04-16,192.0
31,3,Mens Cotton Jacket,men's clothing,55.99,5,2026-04-16,279.95
355,17,Rain Jacket Women Windbreaker Striped Climbing Raincoats,women's clothing,39.99,4,2026-04-16,159.96
138,8,Pierced Owl Rose Gold Plated Stainless Steel Double,jewelery,10.99,1,2026-04-17,10.99
400,20,DANVOUY Womens T Shirt Casual Cotton Short,women's clothing,12.99,3,2026-04-17,38.97
73,5,John Hardy Women's Legends Naga Gold & Silver Dragon Station Chain Bracelet,jewelery,695.0,3,2026-04-17,2085.0
139,8,Pierced Owl Rose Gold Plated Stainless Steel Double,jewelery,10.99,5,2026-04-17,54.95
132,8,Pierced Owl Rose Gold Plated Stainless Steel Double,jewelery,10.99,4,2026-04-17,43.96
284,14,Samsung 49-Inch CHG90 144Hz Curved Gaming Monitor (LC49HG90DMNXZA) – Super Ultrawide Screen QLED ,electronics,999.99,4,2026-04-17,3999.96
372,19,Opna Women's Short Sleeve Moisture,women's clothing,7.95,4,2026-04-17,31.8
320,16,Lock and Love Women's Removable Hooded Faux Leather Moto Biker Jacket,women's clothing,29.95,4,2026-04-17,119.8
253,13,Acer SB220Q bi 21.5 inches Full HD (1920 x 1080) IPS Ultra-Thin,electronics,599.0,2,2026-04-17,1198.0
55,4,Mens Casual Slim Fit,men's clothing,15.99,4,2026-04-17,63.96
183,10,SanDisk SSD PLUS 1TB Internal SSD - SATA III 6 Gb/s,electronics,109.0,3,2026-04-17,327.0
108,7,White Gold Plated Princess,jewelery,9.99,5,2026-04-17,49.95
192,11,Silicon Power 256GB SSD 3D NAND A55 SLC Cache Performance Boost SATA III 2.5,electronics,109.0,5,2026-04-17,545.0
326,16,Lock and Love Women's Removable Hooded Faux Leather Moto Biker Jacket,women's clothing,29.95,4,2026-04-17,119.8
126,8,Pierced Owl Rose Gold Plated Stainless Steel Double,jewelery,10.99,2,2026-04-17,21.98
329,16,Lock and Love Women's Removable Hooded Faux Leather Moto Biker Jacket,women's clothing,29.95,2,2026-04-17,59.9
91,6,Solid Gold Petite Micropave ,jewelery,168.0,2,2026-04-18,336.0
87,6,Solid Gold Petite Micropave ,jewelery,168.0,5,2026-04-18,840.0
282,14,Samsung 49-Inch CHG90 144Hz Curved Gaming Monitor (LC49HG90DMNXZA) – Super Ultrawide Screen QLED ,electronics,999.99,2,2026-04-18,1999.98
69,5,John Hardy Women's Legends Naga Gold & Silver Dragon Station Chain Bracelet,jewelery,695.0,5,2026-04-18,3475.0
134,8,Pierced Owl Rose Gold Plated Stainless Steel Double,jewelery,10.99,4,2026-04-18,43.96
54,4,Mens Casual Slim Fit,men's clothing,15.99,5,2026-04-18,79.95
30,3,Mens Cotton Jacket,men's clothing,55.99,2,2026-04-18,111.98
383,19,Opna Women's Short Sleeve Moisture,women's clothing,7.95,1,2026-04-18,7.95
202,11,Silicon Power 256GB SSD 3D NAND A55 SLC Cache Performance Boost SATA III 2.5,electronics,109.0,3,2026-04-18,327.0
56,4,Mens Casual Slim Fit,men's clothing,15.99,1,2026-04-19,15.99
322,16,Lock and Love Women's Removable Hooded Faux Leather Moto Biker Jacket,women's clothing,29.95,5,2026-04-19,149.75
344,17,Rain Jacket Women Windbreaker Striped Climbing Raincoats,women's clothing,39.99,4,2026-04-19,159.96
293,15,BIYLACLESEN Women's 3-in-1 Snowboard Jacket Winter Coats,women's clothing,56.99,2,2026-04-19,113.98
391,20,DANVOUY Womens T Shirt Casual Cotton Short,women's clothing,12.99,1,2026-04-19,12.99
172,10,SanDisk SSD PLUS 1TB Internal SSD - SATA III 6 Gb/s,electronics,109.0,3,2026-04-19,327.0
195,11,Silicon Power 256GB SSD 3D NAND A55 SLC Cache Performance Boost SATA III 2.5,electronics,109.0,3,2026-04-19,327.0
125,8,Pierced Owl Rose Gold Plated Stainless Steel Double,jewelery,10.99,3,2026-04-19,32.97
112,7,White Gold Plated Princess,jewelery,9.99,4,2026-04-19,39.96
182,10,SanDisk SSD PLUS 1TB Internal SSD - SATA III 6 Gb/s,electronics,109.0,5,2026-04-19,545.0
385,19,Opna Women's Short Sleeve Moisture,women's clothing,7.95,4,2026-04-20,31.8
338,17,Rain Jacket Women Windbreaker Striped Climbing Raincoats,women's clothing,39.99,3,2026-04-20,119.97
222,12,WD 4TB Gaming Drive Works with Playstation 4 Portable External Hard Drive,electronics,114.0,1,2026-04-20,114.0
84,6,Solid Gold Petite Micropave ,jewelery,168.0,1,2026-04-20,168.0
336,17,Rain Jacket Women Windbreaker Striped Climbing Raincoats,women's clothing,39.99,4,2026-04-20,159.96
215,12,WD 4TB Gaming Drive Works with Playstation 4 Portable External Hard Drive,electronics,114.0,4,2026-04-20,456.0
59,5,John Hardy Women's Legends Naga Gold & Silver Dragon Station Chain Bracelet,jewelery,695.0,5,2026-04-20,3475.0
72,5,John Hardy Women's Legends Naga Gold & Silver Dragon Station Chain Bracelet,jewelery,695.0,2,2026-04-20,1390.0
236,12,WD 4TB Gaming Drive Works with Playstation 4 Portable External Hard Drive,electronics,114.0,4,2026-04-20,456.0
179,10,SanDisk SSD PLUS 1TB Internal SSD - SATA III 6 Gb/s,electronics,109.0,2,2026-04-21,218.0
359,17,Rain Jacket Women Windbreaker Striped Climbing Raincoats,women's clothing,39.99,2,2026-04-21,79.98
155,9,WD 2TB Elements Portable External Hard Drive - USB 3.0 ,electronics,64.0,1,2026-04-21,64.0
309,15,BIYLACLESEN Women's 3-in-1 Snowboard Jacket Winter Coats,women's clothing,56.99,3,2026-04-21,170.97
178,10,SanDisk SSD PLUS 1TB Internal SSD - SATA III 6 Gb/s,electronics,109.0,5,2026-04-21,545.0
25,2,Mens Casual Premium Slim Fit T-Shirts ,men's clothing,22.3,2,2026-04-21,44.6
232,12,WD 4TB Gaming Drive Works with Playstation 4 Portable External Hard Drive,electronics,114.0,5,2026-04-21,570.0
205,11,Silicon Power 256GB SSD 3D NAND A55 SLC Cache Performance Boost SATA III 2.5,electronics,109.0,3,2026-04-22,327.0
256,13,Acer SB220Q bi 21.5 inches Full HD (1920 x 1080) IPS Ultra-Thin,electronics,599.0,1,2026-04-22,599.0
29,3,Mens Cotton Jacket,men's clothing,55.99,3,2026-04-22,167.97
402,20,DANVOUY Womens T Shirt Casual Cotton Short,women's clothing,12.99,4,2026-04-22,51.96
113,7,White Gold Plated Princess,jewelery,9.99,4,2026-04-22,39.96
80,5,John Hardy Women's Legends Naga Gold & Silver Dragon Station Chain Bracelet,jewelery,695.0,2,2026-04-22,1390.0
13,1,"Fjallraven - Foldsack No. 1 Backpack, Fits 15 Laptops",men's clothing,109.95,3,2026-04-22,329.85
199,11,Silicon Power 256GB SSD 3D NAND A55 SLC Cache Performance Boost SATA III 2.5,electronics,109.0,4,2026-04-22,436.0
121,7,White Gold Plated Princess,jewelery,9.99,4,2026-04-22,39.96
409,20,DANVOUY Womens T Shirt Casual Cotton Short,women's clothing,12.99,5,2026-04-23,64.95
26,2,Mens Casual Premium Slim Fit T-Shirts ,men's clothing,22.3,4,2026-04-23,89.2
38,3,Mens Cotton Jacket,men's clothing,55.99,4,2026-04-23,223.96
60,5,John Hardy Women's Legends Naga Gold & Silver Dragon Station Chain Bracelet,jewelery,695.0,2,2026-04-23,1390.0
70,5,John Hardy Women's Legends Naga Gold & Silver Dragon Station Chain Bracelet,jewelery,695.0,3,2026-04-23,2085.0
75,5,John Hardy Women's Legends Naga Gold & Silver Dragon Station Chain Bracelet,jewelery,695.0,4,2026-04-23,2780.0
106,6,Solid Gold Petite Micropave ,jewelery,168.0,5,2026-04-23,840.0
143,8,Pierced Owl Rose Gold Plated Stainless Steel Double,jewelery,10.99,3,2026-04-23,32.97
173,10,SanDisk SSD PLUS 1TB Internal SSD - SATA III 6 Gb/s,electronics,109.0,2,2026-04-23,218.0
175,10,SanDisk SSD PLUS 1TB Internal SSD - SATA III 6 Gb/s,electronics,109.0,1,2026-04-23,109.0
193,11,Silicon Power 256GB SSD 3D NAND A55 SLC Cache Performance Boost SATA III 2.5,electronics,109.0,4,2026-04-23,436.0
228,12,WD 4TB Gaming Drive Works with Playstation 4 Portable External Hard Drive,electronics,114.0,5,2026-04-23,570.0
285,14,Samsung 49-Inch CHG90 144Hz Curved Gaming Monitor (LC49HG90DMNXZA) – Super Ultrawide Screen QLED ,electronics,999.99,3,2026-04-23,2999.97
300,15,BIYLACLESEN Women's 3-in-1 Snowboard Jacket Winter Coats,women's clothing,56.99,4,2026-04-23,227.96
301,15,BIYLACLESEN Women's 3-in-1 Snowboard Jacket Winter Coats,women's clothing,56.99,4,2026-04-23,227.96
349,17,Rain Jacket Women Windbreaker Striped Climbing Raincoats,women's clothing,39.99,4,2026-04-23,159.96
15,2,Mens Casual Premium Slim Fit T-Shirts ,men's clothing,22.3,3,2026-04-24,66.9
167,9,WD 2TB Elements Portable External Hard Drive - USB 3.0 ,electronics,64.0,4,2026-04-24,256.0
396,20,DANVOUY Womens T Shirt Casual Cotton Short,women's clothing,12.99,1,2026-04-24,12.99
394,20,DANVOUY Womens T Shirt Casual Cotton Short,women's clothing,12.99,1,2026-04-24,12.99
337,17,Rain Jacket Women Windbreaker Striped Climbing Raincoats,women's clothing,39.99,1,2026-04-24,39.99
267,14,Samsung 49-Inch CHG90 144Hz Curved Gaming Monitor (LC49HG90DMNXZA) – Super Ultrawide Screen QLED ,electronics,999.99,1,2026-04-24,999.99
297,15,BIYLACLESEN Women's 3-in-1 Snowboard Jacket Winter Coats,women's clothing,56.99,1,2026-04-24,56.99
252,13,Acer SB220Q bi 21.5 inches Full HD (1920 x 1080) IPS Ultra-Thin,electronics,599.0,2,2026-04-24,1198.0
311,15,BIYLACLESEN Women's 3-in-1 Snowboard Jacket Winter Coats,women's clothing,56.99,1,2026-04-24,56.99
120,7,White Gold Plated Princess,jewelery,9.99,1,2026-04-24,9.99
404,20,DANVOUY Womens T Shirt Casual Cotton Short,women's clothing,12.99,1,2026-04-24,12.99
36,3,Mens Cotton Jacket,men's clothing,55.99,5,2026-04-25,279.95
156,9,WD 2TB Elements Portable External Hard Drive - USB 3.0 ,electronics,64.0,1,2026-04-25,64.0
198,11,Silicon Power 256GB SSD 3D NAND A55 SLC Cache Performance Boost SATA III 2.5,electronics,109.0,2,2026-04-25,218.0
176,10,SanDisk SSD PLUS 1TB Internal SSD - SATA III 6 Gb/s,electronics,109.0,1,2026-04-25,109.0
324,16,Lock and Love Women's Removable Hooded Faux Leather Moto Biker Jacket,women's clothing,29.95,3,2026-04-25,89.85
85,6,Solid Gold Petite Micropave ,jewelery,168.0,2,2026-04-25,336.0
214,12,WD 4TB Gaming Drive Works with Playstation 4 Portable External Hard Drive,electronics,114.0,4,2026-04-25,456.0
229,12,WD 4TB Gaming Drive Works with Playstation 4 Portable External Hard Drive,electronics,114.0,3,2026-04-25,342.0
266,13,Acer SB220Q bi 21.5 inches Full HD (1920 x 1080) IPS Ultra-Thin,electronics,599.0,1,2026-04-25,599.0
234,12,WD 4TB Gaming Drive Works with Playstation 4 Portable External Hard Drive,electronics,114.0,1,2026-04-25,114.0
340,17,Rain Jacket Women Windbreaker Striped Climbing Raincoats,women's clothing,39.99,3,2026-04-25,119.97
67,5,John Hardy Women's Legends Naga Gold & Silver Dragon Station Chain Bracelet,jewelery,695.0,2,2026-04-25,1390.0
166,9,WD 2TB Elements Portable External Hard Drive - USB 3.0 ,electronics,64.0,5,2026-04-26,320.0
356,17,Rain Jacket Women Windbreaker Striped Climbing Raincoats,women's clothing,39.99,1,2026-04-26,39.99
317,16,Lock and Love Women's Removable Hooded Faux Leather Moto Biker Jacket,women's clothing,29.95,2,2026-04-26,59.9
17,2,Mens Casual Premium Slim Fit T-Shirts ,men's clothing,22.3,4,2026-04-26,89.2
206,11,Silicon Power 256GB SSD 3D NAND A55 SLC Cache Performance Boost SATA III 2.5,electronics,109.0,5,2026-04-26,545.0
145,8,Pierced Owl Rose Gold Plated Stainless Steel Double,jewelery,10.99,3,2026-04-26,32.97
51,4,Mens Casual Slim Fit,men's clothing,15.99,2,2026-04-26,31.98
312,15,BIYLACLESEN Women's 3-in-1 Snowboard Jacket Winter Coats,women's clothing,56.99,2,2026-04-26,113.98
235,12,WD 4TB Gaming Drive Works with Playstation 4 Portable External Hard Drive,electronics,114.0,5,2026-04-26,570.0
296,15,BIYLACLESEN Women's 3-in-1 Snowboard Jacket Winter Coats,women's clothing,56.99,5,2026-04-26,284.95
371,19,Opna Women's Short Sleeve Moisture,women's clothing,7.95,3,2026-04-26,23.85
339,17,Rain Jacket Women Windbreaker Striped Climbing Raincoats,women's clothing,39.99,2,2026-04-26,79.98
94,6,Solid Gold Petite Micropave ,jewelery,168.0,4,2026-04-27,672.0
105,6,Solid Gold Petite Micropave ,jewelery,168.0,1,2026-04-27,168.0
292,15,BIYLACLESEN Women's 3-in-1 Snowboard Jacket Winter Coats,women's clothing,56.99,2,2026-04-27,113.98
303,15,BIYLACLESEN Women's 3-in-1 Snowboard Jacket Winter Coats,women's clothing,56.99,3,2026-04-27,170.97
16,2,Mens Casual Premium Slim Fit T-Shirts ,men's clothing,22.3,1,2026-04-27,22.3
390,19,Opna Women's Short Sleeve Moisture,women's clothing,7.95,4,2026-04-27,31.8
226,12,WD 4TB Gaming Drive Works with Playstation 4 Portable External Hard Drive,electronics,114.0,4,2026-04-27,456.0
387,19,Opna Women's Short Sleeve Moisture,women's clothing,7.95,5,2026-04-27,39.75
197,11,Silicon Power 256GB SSD 3D NAND A55 SLC Cache Performance Boost SATA III 2.5,electronics,109.0,1,2026-04-27,109.0
44,4,Mens Casual Slim Fit,men's clothing,15.99,4,2026-04-27,63.96
200,11,Silicon Power 256GB SSD 3D NAND A55 SLC Cache Performance Boost SATA III 2.5,electronics,109.0,4,2026-04-27,436.0
254,13,Acer SB220Q bi 21.5 inches Full HD (1920 x 1080) IPS Ultra-Thin,electronics,599.0,3,2026-04-27,1797.0
142,8,Pierced Owl Rose Gold Plated Stainless Steel Double,jewelery,10.99,3,2026-04-27,32.97
273,14,Samsung 49-Inch CHG90 144Hz Curved Gaming Monitor (LC49HG90DMNXZA) – Super Ultrawide Screen QLED ,electronics,999.99,4,2026-04-27,3999.96
287,15,BIYLACLESEN Women's 3-in-1 Snowboard Jacket Winter Coats,women's clothing,56.99,2,2026-04-27,113.98
97,6,Solid Gold Petite Micropave ,jewelery,168.0,4,2026-04-27,672.0
283,14,Samsung 49-Inch CHG90 144Hz Curved Gaming Monitor (LC49HG90DMNXZA) – Super Ultrawide Screen QLED ,electronics,999.99,3,2026-04-27,2999.97
4,1,"Fjallraven - Foldsack No. 1 Backpack, Fits 15 Laptops",men's clothing,109.95,5,2026-04-27,549.75
76,5,John Hardy Women's Legends Naga Gold & Silver Dragon Station Chain Bracelet,jewelery,695.0,2,2026-04-28,1390.0
102,6,Solid Gold Petite Micropave ,jewelery,168.0,4,2026-04-28,672.0
314,16,Lock and Love Women's Removable Hooded Faux Leather Moto Biker Jacket,women's clothing,29.95,3,2026-04-28,89.85
159,9,WD 2TB Elements Portable External Hard Drive - USB 3.0 ,electronics,64.0,3,2026-04-28,192.0
129,8,Pierced Owl Rose Gold Plated Stainless Steel Double,jewelery,10.99,4,2026-04-28,43.96
378,19,Opna Women's Short Sleeve Moisture,women's clothing,7.95,4,2026-04-28,31.8
398,20,DANVOUY Womens T Shirt Casual Cotton Short,women's clothing,12.99,3,2026-04-28,38.97
264,13,Acer SB220Q bi 21.5 inches Full HD (1920 x 1080) IPS Ultra-Thin,electronics,599.0,4,2026-04-28,2396.0
307,15,BIYLACLESEN Women's 3-in-1 Snowboard Jacket Winter Coats,women's clothing,56.99,1,2026-04-28,56.99
392,20,DANVOUY Womens T Shirt Casual Cotton Short,women's clothing,12.99,4,2026-04-28,51.96
240,13,Acer SB220Q bi 21.5 inches Full HD (1920 x 1080) IPS Ultra-Thin,electronics,599.0,2,2026-04-28,1198.0
52,4,Mens Casual Slim Fit,men's clothing,15.99,4,2026-04-28,63.96
92,6,Solid Gold Petite Micropave ,jewelery,168.0,5,2026-04-29,840.0
130,8,Pierced Owl Rose Gold Plated Stainless Steel Double,jewelery,10.99,2,2026-04-29,21.98
211,11,Silicon Power 256GB SSD 3D NAND A55 SLC Cache Performance Boost SATA III 2.5,electronics,109.0,2,2026-04-29,218.0
363,18,MBJ Women's Solid Short Sleeve Boat Neck V ,women's clothing,9.85,1,2026-04-29,9.85
201,11,Silicon Power 256GB SSD 3D NAND A55 SLC Cache Performance Boost SATA III 2.5,electronics,109.0,5,2026-04-29,545.0
298,15,BIYLACLESEN Women's 3-in-1 Snowboard Jacket Winter Coats,women's clothing,56.99,4,2026-04-29,227.96
101,6,Solid Gold Petite Micropave ,jewelery,168.0,5,2026-04-29,840.0
345,17,Rain Jacket Women Windbreaker Striped Climbing Raincoats,women's clothing,39.99,3,2026-04-29,119.97
74,5,John Hardy Women's Legends Naga Gold & Silver Dragon Station Chain Bracelet,jewelery,695.0,1,2026-04-29,695.0
24,2,Mens Casual Premium Slim Fit T-Shirts ,men's clothing,22.3,4,2026-04-29,89.2
263,13,Acer SB220Q bi 21.5 inches Full HD (1920 x 1080) IPS Ultra-Thin,electronics,599.0,5,2026-04-29,2995.0
381,19,Opna Women's Short Sleeve Moisture,women's clothing,7.95,5,2026-04-29,39.75
21,2,Mens Casual Premium Slim Fit T-Shirts ,men's clothing,22.3,3,2026-04-29,66.9
388,19,Opna Women's Short Sleeve Moisture,women's clothing,7.95,5,2026-04-29,39.75
78,5,John Hardy Women's Legends Naga Gold & Silver Dragon Station Chain Bracelet,jewelery,695.0,2,2026-04-29,1390.0
334,16,Lock and Love Women's Removable Hooded Faux Leather Moto Biker Jacket,women's clothing,29.95,5,2026-04-29,149.75
389,19,Opna Women's Short Sleeve Moisture,women's clothing,7.95,3,2026-04-29,23.85
272,14,Samsung 49-Inch CHG90 144Hz Curved Gaming Monitor (LC49HG90DMNXZA) – Super Ultrawide Screen QLED ,electronics,999.99,3,2026-04-29,2999.97
122,7,White Gold Plated Princess,jewelery,9.99,1,2026-04-30,9.99
207,11,Silicon Power 256GB SSD 3D NAND A55 SLC Cache Performance Boost SATA III 2.5,electronics,109.0,3,2026-04-30,327.0
219,12,WD 4TB Gaming Drive Works with Playstation 4 Portable External Hard Drive,electronics,114.0,4,2026-04-30,456.0
163,9,WD 2TB Elements Portable External Hard Drive - USB 3.0 ,electronics,64.0,2,2026-04-30,128.0
158,9,WD 2TB Elements Portable External Hard Drive - USB 3.0 ,electronics,64.0,1,2026-04-30,64.0
245,13,Acer SB220Q bi 21.5 inches Full HD (1920 x 1080) IPS Ultra-Thin,electronics,599.0,5,2026-04-30,2995.0
149,8,Pierced Owl Rose Gold Plated Stainless Steel Double,jewelery,10.99,2,2026-04-30,21.98
148,8,Pierced Owl Rose Gold Plated Stainless Steel Double,jewelery,10.99,3,2026-04-30,32.97
249,13,Acer SB220Q bi 21.5 inches Full HD (1920 x 1080) IPS Ultra-Thin,electronics,599.0,3,2026-04-30,1797.0
251,13,Acer SB220Q bi 21.5 inches Full HD (1920 x 1080) IPS Ultra-Thin,electronics,599.0,2,2026-04-30,1198.0
188,10,SanDisk SSD PLUS 1TB Internal SSD - SATA III 6 Gb/s,electronics,109.0,1,2026-04-30,109.0
111,7,White Gold Plated Princess,jewelery,9.99,4,2026-04-30,39.96
46,4,Mens Casual Slim Fit,men's clothing,15.99,3,2026-04-30,47.97
23,2,Mens Casual Premium Slim Fit T-Shirts ,men's clothing,22.3,1,2026-04-30,22.3
6,1,"Fjallraven - Foldsack No. 1 Backpack, Fits 15 Laptops",men's clothing,109.95,4,2026-05-01,439.8
165,9,WD 2TB Elements Portable External Hard Drive - USB 3.0 ,electronics,64.0,1,2026-05-01,64.0
379,19,Opna Women's Short Sleeve Moisture,women's clothing,7.95,5,2026-05-01,39.75
250,13,Acer SB220Q bi 21.5 inches Full HD (1920 x 1080) IPS Ultra-Thin,electronics,599.0,4,2026-05-01,2396.0
12,1,"Fjallraven - Foldsack No. 1 Backpack, Fits 15 Laptops",men's clothing,109.95,3,2026-05-01,329.85
50,4,Mens Casual Slim Fit,men's clothing,15.99,5,2026-05-01,79.95
115,7,White Gold Plated Princess,jewelery,9.99,5,2026-05-01,49.95
268,14,Samsung 49-Inch CHG90 144Hz Curved Gaming Monitor (LC49HG90DMNXZA) – Super Ultrawide Screen QLED ,electronics,999.99,2,2026-05-01,1999.98
48,4,Mens Casual Slim Fit,men's clothing,15.99,3,2026-05-01,47.97
210,11,Silicon Power 256GB SSD 3D NAND A55 SLC Cache Performance Boost SATA III 2.5,electronics,109.0,5,2026-05-01,545.0
408,20,DANVOUY Womens T Shirt Casual Cotton Short,women's clothing,12.99,1,2026-05-01,12.99
157,9,WD 2TB Elements Portable External Hard Drive - USB 3.0 ,electronics,64.0,2,2026-05-01,128.0
242,13,Acer SB220Q bi 21.5 inches Full HD (1920 x 1080) IPS Ultra-Thin,electronics,599.0,4,2026-05-01,2396.0
323,16,Lock and Love Women's Removable Hooded Faux Leather Moto Biker Jacket,women's clothing,29.95,2,2026-05-01,59.9
275,14,Samsung 49-Inch CHG90 144Hz Curved Gaming Monitor (LC49HG90DMNXZA) – Super Ultrawide Screen QLED ,electronics,999.99,2,2026-05-01,1999.98
147,8,Pierced Owl Rose Gold Plated Stainless Steel Double,jewelery,10.99,2,2026-05-02,21.98
61,5,John Hardy Women's Legends Naga Gold & Silver Dragon Station Chain Bracelet,jewelery,695.0,5,2026-05-02,3475.0
305,15,BIYLACLESEN Women's 3-in-1 Snowboard Jacket Winter Coats,women's clothing,56.99,3,2026-05-02,170.97
319,16,Lock and Love Women's Removable Hooded Faux Leather Moto Biker Jacket,women's clothing,29.95,2,2026-05-02,59.9
33,3,Mens Cotton Jacket,men's clothing,55.99,3,2026-05-02,167.97
332,16,Lock and Love Women's Removable Hooded Faux Leather Moto Biker Jacket,women's clothing,29.95,3,2026-05-02,89.85
357,17,Rain Jacket Women Windbreaker Striped Climbing Raincoats,women's clothing,39.99,5,2026-05-02,199.95
260,13,Acer SB220Q bi 21.5 inches Full HD (1920 x 1080) IPS Ultra-Thin,electronics,599.0,2,2026-05-02,1198.0
71,5,John Hardy Women's Legends Naga Gold & Silver Dragon Station Chain Bracelet,jewelery,695.0,1,2026-05-02,695.0
220,12,WD 4TB Gaming Drive Works with Playstation 4 Portable External Hard Drive,electronics,114.0,4,2026-05-03,456.0
62,5,John Hardy Women's Legends Naga Gold & Silver Dragon Station Chain Bracelet,jewelery,695.0,5,2026-05-03,3475.0
368,18,MBJ Women's Solid Short Sleeve Boat Neck V ,women's clothing,9.85,1,2026-05-03,9.85
291,15,BIYLACLESEN Women's 3-in-1 Snowboard Jacket Winter Coats,women's clothing,56.99,5,2026-05-03,284.95
49,4,Mens Casual Slim Fit,men's clothing,15.99,4,2026-05-03,63.96
308,15,BIYLACLESEN Women's 3-in-1 Snowboard Jacket Winter Coats,women's clothing,56.99,3,2026-05-03,170.97
14,2,Mens Casual Premium Slim Fit T-Shirts ,men's clothing,22.3,4,2026-05-03,89.2
3,1,"Fjallraven - Foldsack No. 1 Backpack, Fits 15 Laptops",men's clothing,109.95,5,2026-05-03,549.75
131,8,Pierced Owl Rose Gold Plated Stainless Steel Double,jewelery,10.99,2,2026-05-03,21.98
119,7,White Gold Plated Princess,jewelery,9.99,5,2026-05-03,49.95
331,16,Lock and Love Women's Removable Hooded Faux Leather Moto Biker Jacket,women's clothing,29.95,1,2026-05-03,29.95
171,10,SanDisk SSD PLUS 1TB Internal SSD - SATA III 6 Gb/s,electronics,109.0,5,2026-05-04,545.0
290,15,BIYLACLESEN Women's 3-in-1 Snowboard Jacket Winter Coats,women's clothing,56.99,4,2026-05-04,227.96
181,10,SanDisk SSD PLUS 1TB Internal SSD - SATA III 6 Gb/s,electronics,109.0,4,2026-05-04,436.0
9,1,"Fjallraven - Foldsack No. 1 Backpack, Fits 15 Laptops",men's clothing,109.95,4,2026-05-04,439.8
330,16,Lock and Love Women's Removable Hooded Faux Leather Moto Biker Jacket,women's clothing,29.95,1,2026-05-04,29.95
53,4,Mens Casual Slim Fit,men's clothing,15.99,2,2026-05-04,31.98
375,19,Opna Women's Short Sleeve Moisture,women's clothing,7.95,1,2026-05-04,7.95
169,10,SanDisk SSD PLUS 1TB Internal SSD - SATA III 6 Gb/s,electronics,109.0,3,2026-05-04,327.0
366,18,MBJ Women's Solid Short Sleeve Boat Neck V ,women's clothing,9.85,2,2026-05-04,19.7
271,14,Samsung 49-Inch CHG90 144Hz Curved Gaming Monitor (LC49HG90DMNXZA) – Super Ultrawide Screen QLED ,electronics,999.99,2,2026-05-05,1999.98
328,16,Lock and Love Women's Removable Hooded Faux Leather Moto Biker Jacket,women's clothing,29.95,4,2026-05-05,119.8
79,5,John Hardy Women's Legends Naga Gold & Silver Dragon Station Chain Bracelet,jewelery,695.0,3,2026-05-05,2085.0
343,17,Rain Jacket Women Windbreaker Striped Climbing Raincoats,women's clothing,39.99,1,2026-05-05,39.99
351,17,Rain Jacket Women Windbreaker Striped Climbing Raincoats,women's clothing,39.99,2,2026-05-05,79.98
360,18,MBJ Women's Solid Short Sleeve Boat Neck V ,women's clothing,9.85,4,2026-05-05,39.4
164,9,WD 2TB Elements Portable External Hard Drive - USB 3.0 ,electronics,64.0,5,2026-05-05,320.0
230,12,WD 4TB Gaming Drive Works with Playstation 4 Portable External Hard Drive,electronics,114.0,4,2026-05-05,456.0
7,1,"Fjallraven - Foldsack No. 1 Backpack, Fits 15 Laptops",men's clothing,109.95,1,2026-05-05,109.95
208,11,Silicon Power 256GB SSD 3D NAND A55 SLC Cache Performance Boost SATA III 2.5,electronics,109.0,3,2026-05-05,327.0
223,12,WD 4TB Gaming Drive Works with Playstation 4 Portable External Hard Drive,electronics,114.0,3,2026-05-06,342.0
395,20,DANVOUY Womens T Shirt Casual Cotton Short,women's clothing,12.99,3,2026-05-06,38.97
382,19,Opna Women's Short Sleeve Moisture,women's clothing,7.95,5,2026-05-06,39.75
364,18,MBJ Women's Solid Short Sleeve Boat Neck V ,women's clothing,9.85,3,2026-05-06,29.55
407,20,DANVOUY Womens T Shirt Casual Cotton Short,women's clothing,12.99,5,2026-05-06,64.95
96,6,Solid Gold Petite Micropave ,jewelery,168.0,3,2026-05-06,504.0
259,13,Acer SB220Q bi 21.5 inches Full HD (1920 x 1080) IPS Ultra-Thin,electronics,599.0,3,2026-05-06,1797.0
333,16,Lock and Love Women's Removable Hooded Faux Leather Moto Biker Jacket,women's clothing,29.95,5,2026-05-06,149.75
281,14,Samsung 49-Inch CHG90 144Hz Curved Gaming Monitor (LC49HG90DMNXZA) – Super Ultrawide Screen QLED ,electronics,999.99,3,2026-05-06,2999.97
45,4,Mens Casual Slim Fit,men's clothing,15.99,2,2026-05-06,31.98
367,18,MBJ Women's Solid Short Sleeve Boat Neck V ,women's clothing,9.85,2,2026-05-07,19.7
103,6,Solid Gold Petite Micropave ,jewelery,168.0,1,2026-05-07,168.0
88,6,Solid Gold Petite Micropave ,jewelery,168.0,2,2026-05-07,336.0
217,12,WD 4TB Gaming Drive Works with Playstation 4 Portable External Hard Drive,electronics,114.0,1,2026-05-07,114.0
104,6,Solid Gold Petite Micropave ,jewelery,168.0,2,2026-05-07,336.0
140,8,Pierced Owl Rose Gold Plated Stainless Steel Double,jewelery,10.99,1,2026-05-07,10.99
374,19,Opna Women's Short Sleeve Moisture,women's clothing,7.95,2,2026-05-07,15.9
184,10,SanDisk SSD PLUS 1TB Internal SSD - SATA III 6 Gb/s,electronics,109.0,1,2026-05-07,109.0
66,5,John Hardy Women's Legends Naga Gold & Silver Dragon Station Chain Bracelet,jewelery,695.0,5,2026-05-07,3475.0
161,9,WD 2TB Elements Portable External Hard Drive - USB 3.0 ,electronics,64.0,4,2026-05-07,256.0
191,11,Silicon Power 256GB SSD 3D NAND A55 SLC Cache Performance Boost SATA III 2.5,electronics,109.0,1,2026-05-07,109.0
295,15,BIYLACLESEN Women's 3-in-1 Snowboard Jacket Winter Coats,women's clothing,56.99,2,2026-05-07,113.98
270,14,Samsung 49-Inch CHG90 144Hz Curved Gaming Monitor (LC49HG90DMNXZA) – Super Ultrawide Screen QLED ,electronics,999.99,4,2026-05-07,3999.96
77,5,John Hardy Women's Legends Naga Gold & Silver Dragon Station Chain Bracelet,jewelery,695.0,1,2026-05-08,695.0
137,8,Pierced Owl Rose Gold Plated Stainless Steel Double,jewelery,10.99,4,2026-05-08,43.96
294,15,BIYLACLESEN Women's 3-in-1 Snowboard Jacket Winter Coats,women's clothing,56.99,4,2026-05-08,227.96
110,7,White Gold Plated Princess,jewelery,9.99,5,2026-05-08,49.95
401,20,DANVOUY Womens T Shirt Casual Cotton Short,women's clothing,12.99,1,2026-05-08,12.99
89,6,Solid Gold Petite Micropave ,jewelery,168.0,5,2026-05-08,840.0
127,8,Pierced Owl Rose Gold Plated Stainless Steel Double,jewelery,10.99,5,2026-05-08,54.95
346,17,Rain Jacket Women Windbreaker Striped Climbing Raincoats,women's clothing,39.99,5,2026-05-08,199.95
257,13,Acer SB220Q bi 21.5 inches Full HD (1920 x 1080) IPS Ultra-Thin,electronics,599.0,5,2026-05-08,2995.0
63,5,John Hardy Women's Legends Naga Gold & Silver Dragon Station Chain Bracelet,jewelery,695.0,3,2026-05-08,2085.0
32,3,Mens Cotton Jacket,men's clothing,55.99,2,2026-05-08,111.98
258,13,Acer SB220Q bi 21.5 inches Full HD (1920 x 1080) IPS Ultra-Thin,electronics,599.0,5,2026-05-09,2995.0
261,13,Acer SB220Q bi 21.5 inches Full HD (1920 x 1080) IPS Ultra-Thin,electronics,599.0,3,2026-05-09,1797.0
262,13,Acer SB220Q bi 21.5 inches Full HD (1920 x 1080) IPS Ultra-Thin,electronics,599.0,1,2026-05-09,599.0
141,8,Pierced Owl Rose Gold Plated Stainless Steel Double,jewelery,10.99,3,2026-05-09,32.97
151,8,Pierced Owl Rose Gold Plated Stainless Steel Double,jewelery,10.99,5,2026-05-09,54.95
187,10,SanDisk SSD PLUS 1TB Internal SSD - SATA III 6 Gb/s,electronics,109.0,3,2026-05-09,327.0
160,9,WD 2TB Elements Portable External Hard Drive - USB 3.0 ,electronics,64.0,4,2026-05-09,256.0
34,3,Mens Cotton Jacket,men's clothing,55.99,3,2026-05-09,167.97
136,8,Pierced Owl Rose Gold Plated Stainless Steel Double,jewelery,10.99,3,2026-05-09,32.97
233,12,WD 4TB Gaming Drive Works with Playstation 4 Portable External Hard Drive,electronics,114.0,2,2026-05-09,228.0
186,10,SanDisk SSD PLUS 1TB Internal SSD - SATA III 6 Gb/s,electronics,109.0,1,2026-05-09,109.0
386,19,Opna Women's Short Sleeve Moisture,women's clothing,7.95,2,2026-05-09,15.9
224,12,WD 4TB Gaming Drive Works with Playstation 4 Portable External Hard Drive,electronics,114.0,4,2026-05-09,456.0
288,15,BIYLACLESEN Women's 3-in-1 Snowboard Jacket Winter Coats,women's clothing,56.99,2,2026-05-09,113.98
221,12,WD 4TB Gaming Drive Works with Playstation 4 Portable External Hard Drive,electronics,114.0,5,2026-05-09,570.0
393,20,DANVOUY Womens T Shirt Casual Cotton Short,women's clothing,12.99,2,2026-05-09,25.98
289,15,BIYLACLESEN Women's 3-in-1 Snowboard Jacket Winter Coats,women's clothing,56.99,3,2026-05-09,170.97
180,10,SanDisk SSD PLUS 1TB Internal SSD - SATA III 6 Gb/s,electronics,109.0,2,2026-05-09,218.0
306,15,BIYLACLESEN Women's 3-in-1 Snowboard Jacket Winter Coats,women's clothing,56.99,3,2026-05-09,170.97
304,15,BIYLACLESEN Women's 3-in-1 Snowboard Jacket Winter Coats,women's clothing,56.99,4,2026-05-09,227.96
65,5,John Hardy Women's Legends Naga Gold & Silver Dragon Station Chain Bracelet,jewelery,695.0,1,2026-05-09,695.0
