product_id,name,category,price,sale_id,quantity,sale_date,total_price,month,month_name,week
1,"Fjallraven - Foldsack No. 1 Backpack, Fits 15 Laptops",men's clothing,109.95,1,1,2026-04-14,109.95,4,April,16
1,"Fjallraven - Foldsack No. 1 Backpack, Fits 15 Laptops",men's clothing,109.95,2,3,2026-04-16,329.85,4,April,16
1,"Fjallraven - Foldsack No. 1 Backpack, Fits 15 Laptops",men's clothing,109.95,3,5,2026-05-03,549.75,5,May,18
1,"Fjallraven - Foldsack No. 1 Backpack, Fits 15 Laptops",men's clothing,109.95,4,5,2026-04-27,549.75,4,April,18
1,"Fjallraven - Foldsack No. 1 Backpack, Fits 15 Laptops",men's clothing,109.95,5,1,2026-04-10,109.95,4,April,15
1,"Fjallraven - Foldsack No. 1 Backpack, Fits 15 Laptops",men's clothing,109.95,6,4,2026-05-01,439.8,5,May,18
1,"Fjallraven - Foldsack No. 1 Backpack, Fits 15 Laptops",men's clothing,109.95,7,1,2026-05-05,109.95,5,May,19
1,"Fjallraven - Foldsack No. 1 Backpack, Fits 15 Laptops",men's clothing,109.95,8,2,2026-04-13,219.9,4,April,16
1,"Fjallraven - Foldsack No. 1 Backpack, Fits 15 Laptops",men's clothing,109.95,9,4,2026-05-04,439.8,5,May,19
1,"Fjallraven - Foldsack No. 1 Backpack, Fits 15 Laptops",men's clothing,109.95,10,3,2026-04-15,329.85,4,April,16
1,"Fjallraven - Foldsack No. 1 Backpack, Fits 15 Laptops",men's clothing,109.95,11,2,2026-04-16,219.9,4,April,16
1,"Fjallraven - Foldsack No. 1 Backpack, Fits 15 Laptops",men's clothing,109.95,12,3,2026-05-01,329.85,5,May,18
1,"Fjallraven - Foldsack No. 1 Backpack, Fits 15 Laptops",men's clothing,109.95,13,3,2026-04-22,329.85,4,April,17
2,Mens Casual Premium Slim Fit T-Shirts ,men's clothing,22.3,14,4,2026-05-03,89.2,5,May,18
2,Mens Casual Premium Slim Fit T-Shirts ,men's clothing,22.3,15,3,2026-04-24,66.9,4,April,17
2,Mens Casual Premium Slim Fit T-Shirts ,men's clothing,22.3,16,1,2026-04-27,22.3,4,April,18
2,Mens Casual Premium Slim Fit T-Shirts ,men's clothing,22.3,17,4,2026-04-26,89.2,4,April,17
2,Mens Casual Premium Slim Fit T-Shirts ,men's clothing,22.3,18,5,2026-04-14,111.5,4,April,16
2,Mens Casual Premium Slim Fit T-Shirts ,men's clothing,22.3,19,1,2026-04-12,22.3,4,April,15
2,Mens Casual Premium Slim Fit T-Shirts ,men's clothing,22.3,20,3,2026-04-11,66.9,4,April,15
2,Mens Casual Premium Slim Fit T-Shirts ,men's clothing,22.3,21,3,2026-04-29,66.9,4,April,18
2,Mens Casual Premium Slim Fit T-Shirts ,men's clothing,22.3,22,5,2026-04-15,111.5,4,April,16
2,Mens Casual Premium Slim Fit T-Shirts ,men's clothing,22.3,23,1,2026-04-30,22.3,4,April,18
2,Mens Casual Premium Slim Fit T-Shirts ,men's clothing,22.3,24,4,2026-04-29,89.2,4,April,18
2,Mens Casual Premium Slim Fit T-Shirts ,men's clothing,22.3,25,2,2026-04-21,44.6,4,April,17
2,Mens Casual Premium Slim Fit T-Shirts ,men's clothing,22.3,26,4,2026-04-23,89.2,4,April,17
2,Mens Casual Premium Slim Fit T-Shirts ,men's clothing,22.3,27,3,2026-04-12,66.9,4,April,15
3,Mens Cotton Jacket,men's clothing,55.99,28,3,2026-04-11,167.97,4,April,15
3,Mens Cotton Jacket,men's clothing,55.99,29,3,2026-04-22,167.97,4,April,17
3,Mens Cotton Jacket,men's clothing,55.99,30,2,2026-04-18,111.98,4,April,16
3,Mens Cotton Jacket,men's clothing,55.99,31,5,2026-04-16,279.95,4,April,16
3,Mens Cotton Jacket,men's clothing,55.99,32,2,2026-05-08,111.98,5,May,19
3,Mens Cotton Jacket,men's clothing,55.99,33,3,2026-05-02,167.97,5,May,18
3,Mens Cotton Jacket,men's clothing,55.99,34,3,2026-05-09,167.97,5,May,19
3,Mens Cotton Jacket,men's clothing,55.99,35,1,2026-04-15,55.99,4,April,16
3,Mens Cotton Jacket,men's clothing,55.99,36,5,2026-04-25,279.95,4,April,17
3,Mens Cotton Jacket,men's clothing,55.99,37,2,2026-04-13,111.98,4,April,16
3,Mens Cotton Jacket,men's clothing,55.99,38,4,2026-04-23,223.96,4,April,17
3,Mens Cotton Jacket,men's clothing,55.99,39,1,2026-04-09,55.99,4,April,15
3,Mens Cotton Jacket,men's clothing,55.99,40,2,2026-04-14,111.98,4,April,16
3,Mens Cotton Jacket,men's clothing,55.99,41,5,2026-04-14,279.95,4,April,16
3,Mens Cotton Jacket,men's clothing,55.99,42,5,2026-04-11,279.95,4,April,15
4,Mens Casual Slim Fit,men's clothing,15.99,43,3,2026-04-13,47.97,4,April,16
4,Mens Casual Slim Fit,men's clothing,15.99,44,4,2026-04-27,63.96,4,April,18
4,Mens Casual Slim Fit,men's clothing,15.99,45,2,2026-05-06,31.98,5,May,19
4,Mens Casual Slim Fit,men's clothing,15.99,46,3,2026-04-30,47.97,4,April,18
4,Mens Casual Slim Fit,men's clothing,15.99,47,4,2026-04-13,63.96,4,April,16
4,Mens Casual Slim Fit,men's clothing,15.99,48,3,2026-05-01,47.97,5,May,18
4,Mens Casual Slim Fit,men's clothing,15.99,49,4,2026-05-03,63.96,5,May,18
4,Mens Casual Slim Fit,men's clothing,15.99,50,5,2026-05-01,79.95,5,May,18
4,Mens Casual Slim Fit,men's clothing,15.99,51,2,2026-04-26,31.98,4,April,17
4,Mens Casual Slim Fit,men's clothing,15.99,52,4,2026-04-28,63.96,4,April,18
4,Mens Casual Slim Fit,men's clothing,15.99,53,2,2026-05-04,31.98,5,May,19
4,Mens Casual Slim Fit,men's clothing,15.99,54,5,2026-04-18,79.95,4,April,16
4,Mens Casual Slim Fit,men's clothing,15.99,55,4,2026-04-17,63.96,4,April,16
4,Mens Casual Slim Fit,men's clothing,15.99,56,1,2026-04-19,15.99,4,April,16
5,John Hardy Women's Legends Naga Gold & Silver Dragon Station Chain Bracelet,jewelery,695.0,57,1,2026-04-15,695.0,4,April,16
5,John Hardy Women's Legends Naga Gold & Silver Dragon Station Chain Bracelet,jewelery,695.0,58,3,2026-04-14,2085.0,4,April,16
5,John Hardy Women's Legends Naga Gold & Silver Dragon Station Chain Bracelet,jewelery,695.0,59,5,2026-04-20,3475.0,4,April,17
5,John Hardy Women's Legends Naga Gold & Silver Dragon Station Chain Bracelet,jewelery,695.0,60,2,2026-04-23,1390.0,4,April,17
5,John Hardy Women's Legends Naga Gold & Silver Dragon Station Chain Bracelet,jewelery,695.0,61,5,2026-05-02,3475.0,5,May,18
5,John Hardy Women's Legends Naga Gold & Silver Dragon Station Chain Bracelet,jewelery,695.0,62,5,2026-05-03,3475.0,5,May,18
5,John Hardy Women's Legends Naga Gold & Silver Dragon Station Chain Bracelet,jewelery,695.0,63,3,2026-05-08,2085.0,5,May,19
5,John Hardy Women's Legends Naga Gold & Silver Dragon Station Chain Bracelet,jewelery,695.0,64,2,2026-04-13,1390.0,4,April,16
5,John Hardy Women's Legends Naga Gold & Silver Dragon Station Chain Bracelet,jewelery,695.0,65,1,2026-05-09,695.0,5,May,19
5,John Hardy Women's Legends Naga Gold & Silver Dragon Station Chain Bracelet,jewelery,695.0,66,5,2026-05-07,3475.0,5,May,19
5,John Hardy Women's Legends Naga Gold & Silver Dragon Station Chain Bracelet,jewelery,695.0,67,2,2026-04-25,1390.0,4,April,17
5,John Hardy Women's Legends Naga Gold & Silver Dragon Station Chain Bracelet,jewelery,695.0,68,5,2026-04-10,3475.0,4,April,15
5,John Hardy Women's Legends Naga Gold & Silver Dragon Station Chain Bracelet,jewelery,695.0,69,5,2026-04-18,3475.0,4,April,16
5,John Hardy Women's Legends Naga Gold & Silver Dragon Station Chain Bracelet,jewelery,695.0,70,3,2026-04-23,2085.0,4,April,17
5,John Hardy Women's Legends Naga Gold & Silver Dragon Station Chain Bracelet,jewelery,695.0,71,1,2026-05-02,695.0,5,May,18
5,John Hardy Women's Legends Naga Gold & Silver Dragon Station Chain Bracelet,jewelery,695.0,72,2,2026-04-20,1390.0,4,April,17
5,John Hardy Women's Legends Naga Gold & Silver Dragon Station Chain Bracelet,jewelery,695.0,73,3,2026-04-17,2085.0,4,April,16
5,John Hardy Women's Legends Naga Gold & Silver Dragon Station Chain Bracelet,jewelery,695.0,74,1,2026-04-29,695.0,4,April,18
5,John Hardy Women's Legends Naga Gold & Silver Dragon Station Chain Bracelet,jewelery,695.0,75,4,2026-04-23,2780.0,4,April,17
5,John Hardy Women's Legends Naga Gold & Silver Dragon Station Chain Bracelet,jewelery,695.0,76,2,2026-04-28,1390.0,4,April,18
5,John Hardy Women's Legends Naga Gold & Silver Dragon Station Chain Bracelet,jewelery,695.0,77,1,2026-05-08,695.0,5,May,19
5,John Hardy Women's Legends Naga Gold & Silver Dragon Station Chain Bracelet,jewelery,695.0,78,2,2026-04-29,1390.0,4,April,18
5,John Hardy Women's Legends Naga Gold & Silver Dragon Station Chain Bracelet,jewelery,695.0,79,3,2026-05-05,2085.0,5,May,19
5,John Hardy Women's Legends Naga Gold & Silver Dragon Station Chain Bracelet,jewelery,695.0,80,2,2026-04-22,1390.0,4,April,17
5,John Hardy Women's Legends Naga Gold & Silver Dragon Station Chain Bracelet,jewelery,695.0,81,5,2026-04-13,3475.0,4,April,16
6,Solid Gold Petite Micropave ,jewelery,168.0,82,4,2026-04-13,672.0,4,April,16
6,Solid Gold Petite Micropave ,jewelery,168.0,83,3,2026-04-10,504.0,4,April,15
6,Solid Gold Petite Micropave ,jewelery,168.0,84,1,2026-04-20,168.0,4,April,17
6,Solid Gold Petite Micropave ,jewelery,168.0,85,2,2026-04-25,336.0,4,April,17
6,Solid Gold Petite Micropave ,jewelery,168.0,86,4,2026-04-15,672.0,4,April,16
6,Solid Gold Petite Micropave ,jewelery,168.0,87,5,2026-04-18,840.0,4,April,16
6,Solid Gold Petite Micropave ,jewelery,168.0,88,2,2026-05-07,336.0,5,May,19
6,Solid Gold Petite Micropave ,jewelery,168.0,89,5,2026-05-08,840.0,5,May,19
6,Solid Gold Petite Micropave ,jewelery,168.0,90,3,2026-04-13,504.0,4,April,16
6,Solid Gold Petite Micropave ,jewelery,168.0,91,2,2026-04-18,336.0,4,April,16
6,Solid Gold Petite Micropave ,jewelery,168.0,92,5,2026-04-29,840.0,4,April,18
6,Solid Gold Petite Micropave ,jewelery,168.0,93,1,2026-04-15,168.0,4,April,16
6,Solid Gold Petite Micropave ,jewelery,168.0,94,4,2026-04-27,672.0,4,April,18
6,Solid Gold Petite Micropave ,jewelery,168.0,95,5,2026-04-12,840.0,4,April,15
6,Solid Gold Petite Micropave ,jewelery,168.0,96,3,2026-05-06,504.0,5,May,19
6,Solid Gold Petite Micropave ,jewelery,168.0,97,4,2026-04-27,672.0,4,April,18
6,Solid Gold Petite Micropave ,jewelery,168.0,98,3,2026-04-09,504.0,4,April,15
6,Solid Gold Petite Micropave ,jewelery,168.0,99,2,2026-04-15,336.0,4,April,16
6,Solid Gold Petite Micropave ,jewelery,168.0,100,3,2026-04-14,504.0,4,April,16
6,Solid Gold Petite Micropave ,jewelery,168.0,101,5,2026-04-29,840.0,4,April,18
6,Solid Gold Petite Micropave ,jewelery,168.0,102,4,2026-04-28,672.0,4,April,18
6,Solid Gold Petite Micropave ,jewelery,168.0,103,1,2026-05-07,168.0,5,May,19
6,Solid Gold Petite Micropave ,jewelery,168.0,104,2,2026-05-07,336.0,5,May,19
6,Solid Gold Petite Micropave ,jewelery,168.0,105,1,2026-04-27,168.0,4,April,18
6,Solid Gold Petite Micropave ,jewelery,168.0,106,5,2026-04-23,840.0,4,April,17
6,Solid Gold Petite Micropave ,jewelery,168.0,107,3,2026-04-15,504.0,4,April,16
7,White Gold Plated Princess,jewelery,9.99,108,5,2026-04-17,49.95,4,April,16
7,White Gold Plated Princess,jewelery,9.99,109,5,2026-04-11,49.95,4,April,15
7,White Gold Plated Princess,jewelery,9.99,110,5,2026-05-08,49.95,5,May,19
7,White Gold Plated Princess,jewelery,9.99,111,4,2026-04-30,39.96,4,April,18
7,White Gold Plated Princess,jewelery,9.99,112,4,2026-04-19,39.96,4,April,16
7,White Gold Plated Princess,jewelery,9.99,113,4,2026-04-22,39.96,4,April,17
7,White Gold Plated Princess,jewelery,9.99,114,2,2026-04-10,19.98,4,April,15
7,White Gold Plated Princess,jewelery,9.99,115,5,2026-05-01,49.95,5,May,18
7,White Gold Plated Princess,jewelery,9.99,116,2,2026-04-10,19.98,4,April,15
7,White Gold Plated Princess,jewelery,9.99,117,2,2026-04-10,19.98,4,April,15
7,White Gold Plated Princess,jewelery,9.99,118,2,2026-04-11,19.98,4,April,15
7,White Gold Plated Princess,jewelery,9.99,119,5,2026-05-03,49.95,5,May,18
7,White Gold Plated Princess,jewelery,9.99,120,1,2026-04-24,9.99,4,April,17
7,White Gold Plated Princess,jewelery,9.99,121,4,2026-04-22,39.96,4,April,17
7,White Gold Plated Princess,jewelery,9.99,122,1,2026-04-30,9.99,4,April,18
8,Pierced Owl Rose Gold Plated Stainless Steel Double,jewelery,10.99,123,4,2026-04-15,43.96,4,April,16
8,Pierced Owl Rose Gold Plated Stainless Steel Double,jewelery,10.99,124,1,2026-04-12,10.99,4,April,15
8,Pierced Owl Rose Gold Plated Stainless Steel Double,jewelery,10.99,125,3,2026-04-19,32.97,4,April,16
8,Pierced Owl Rose Gold Plated Stainless Steel Double,jewelery,10.99,126,2,2026-04-17,21.98,4,April,16
8,Pierced Owl Rose Gold Plated Stainless Steel Double,jewelery,10.99,127,5,2026-05-08,54.95,5,May,19
8,Pierced Owl Rose Gold Plated Stainless Steel Double,jewelery,10.99,128,3,2026-04-14,32.97,4,April,16
8,Pierced Owl Rose Gold Plated Stainless Steel Double,jewelery,10.99,129,4,2026-04-28,43.96,4,April,18
8,Pierced Owl Rose Gold Plated Stainless Steel Double,jewelery,10.99,130,2,2026-04-29,21.98,4,April,18
8,Pierced Owl Rose Gold Plated Stainless Steel Double,jewelery,10.99,131,2,2026-05-03,21.98,5,May,18
8,Pierced Owl Rose Gold Plated Stainless Steel Double,jewelery,10.99,132,4,2026-04-17,43.96,4,April,16
8,Pierced Owl Rose Gold Plated Stainless Steel Double,jewelery,10.99,133,5,2026-04-14,54.95,4,April,16
8,Pierced Owl Rose Gold Plated Stainless Steel Double,jewelery,10.99,134,4,2026-04-18,43.96,4,April,16
8,Pierced Owl Rose Gold Plated Stainless Steel Double,jewelery,10.99,135,4,2026-04-10,43.96,4,April,15
8,Pierced Owl Rose Gold Plated Stainless Steel Double,jewelery,10.99,136,3,2026-05-09,32.97,5,May,19
8,Pierced Owl Rose Gold Plated Stainless Steel Double,jewelery,10.99,137,4,2026-05-08,43.96,5,May,19
8,Pierced Owl Rose Gold Plated Stainless Steel Double,jewelery,10.99,138,1,2026-04-17,10.99,4,April,16
8,Pierced Owl Rose Gold Plated Stainless Steel Double,jewelery,10.99,139,5,2026-04-17,54.95,4,April,16
8,Pierced Owl Rose Gold Plated Stainless Steel Double,jewelery,10.99,140,1,2026-05-07,10.99,5,May,19
8,Pierced Owl Rose Gold Plated Stainless Steel Double,jewelery,10.99,141,3,2026-05-09,32.97,5,May,19
8,Pierced Owl Rose Gold Plated Stainless Steel Double,jewelery,10.99,142,3,2026-04-27,32.97,4,April,18
8,Pierced Owl Rose Gold Plated Stainless Steel Double,jewelery,10.99,143,3,2026-04-23,32.97,4,April,17
8,Pierced Owl Rose Gold Plated Stainless Steel Double,jewelery,10.99,144,2,2026-04-16,21.98,4,April,16
8,Pierced Owl Rose Gold Plated Stainless Steel Double,jewelery,10.99,145,3,2026-04-26,32.97,4,April,17
8,Pierced Owl Rose Gold Plated Stainless Steel Double,jewelery,10.99,146,4,2026-04-09,43.96,4,April,15
8,Pierced Owl Rose Gold Plated Stainless Steel Double,jewelery,10.99,147,2,2026-05-02,21.98,5,May,18
8,Pierced Owl Rose Gold Plated Stainless Steel Double,jewelery,10.99,148,3,2026-04-30,32.97,4,April,18
8,Pierced Owl Rose Gold Plated Stainless Steel Double,jewelery,10.99,149,2,2026-04-30,21.98,4,April,18
8,Pierced Owl Rose Gold Plated Stainless Steel Double,jewelery,10.99,150,5,2026-04-10,54.95,4,April,15
8,Pierced Owl Rose Gold Plated Stainless Steel Double,jewelery,10.99,151,5,2026-05-09,54.95,5,May,19
8,Pierced Owl Rose Gold Plated Stainless Steel Double,jewelery,10.99,152,4,2026-04-15,43.96,4,April,16
9,WD 2TB Elements Portable External Hard Drive - USB 3.0 ,electronics,64.0,153,3,2026-04-16,192.0,4,April,16
9,WD 2TB Elements Portable External Hard Drive - USB 3.0 ,electronics,64.0,154,1,2026-04-10,64.0,4,April,15
9,WD 2TB Elements Portable External Hard Drive - USB 3.0 ,electronics,64.0,155,1,2026-04-21,64.0,4,April,17
9,WD 2TB Elements Portable External Hard Drive - USB 3.0 ,electronics,64.0,156,1,2026-04-25,64.0,4,April,17
9,WD 2TB Elements Portable External Hard Drive - USB 3.0 ,electronics,64.0,157,2,2026-05-01,128.0,5,May,18
9,WD 2TB Elements Portable External Hard Drive - USB 3.0 ,electronics,64.0,158,1,2026-04-30,64.0,4,April,18
9,WD 2TB Elements Portable External Hard Drive - USB 3.0 ,electronics,64.0,159,3,2026-04-28,192.0,4,April,18
9,WD 2TB Elements Portable External Hard Drive - USB 3.0 ,electronics,64.0,160,4,2026-05-09,256.0,5,May,19
9,WD 2TB Elements Portable External Hard Drive - USB 3.0 ,electronics,64.0,161,4,2026-05-07,256.0,5,May,19
9,WD 2TB Elements Portable External Hard Drive - USB 3.0 ,electronics,64.0,162,4,2026-04-13,256.0,4,April,16
9,WD 2TB Elements Portable External Hard Drive - USB 3.0 ,electronics,64.0,163,2,2026-04-30,128.0,4,April,18
9,WD 2TB Elements Portable External Hard Drive - USB 3.0 ,electronics,64.0,164,5,2026-05-05,320.0,5,May,19
9,WD 2TB Elements Portable External Hard Drive - USB 3.0 ,electronics,64.0,165,1,2026-05-01,64.0,5,May,18
9,WD 2TB Elements Portable External Hard Drive - USB 3.0 ,electronics,64.0,166,5,2026-04-26,320.0,4,April,17
9,WD 2TB Elements Portable External Hard Drive - USB 3.0 ,electronics,64.0,167,4,2026-04-24,256.0,4,April,17
9,WD 2TB Elements Portable External Hard Drive - USB 3.0 ,electronics,64.0,168,5,2026-04-11,320.0,4,April,15
10,SanDisk SSD PLUS 1TB Internal SSD - SATA III 6 Gb/s,electronics,109.0,169,3,2026-05-04,327.0,5,May,19
10,SanDisk SSD PLUS 1TB Internal SSD - SATA III 6 Gb/s,electronics,109.0,170,5,2026-04-15,545.0,4,April,16
10,SanDisk SSD PLUS 1TB Internal SSD - SATA III 6 Gb/s,electronics,109.0,171,5,2026-05-04,545.0,5,May,19
10,SanDisk SSD PLUS 1TB Internal SSD - SATA III 6 Gb/s,electronics,109.0,172,3,2026-04-19,327.0,4,April,16
10,SanDisk SSD PLUS 1TB Internal SSD - SATA III 6 Gb/s,electronics,109.0,173,2,2026-04-23,218.0,4,April,17
10,SanDisk SSD PLUS 1TB Internal SSD - SATA III 6 Gb/s,electronics,109.0,174,3,2026-04-11,327.0,4,April,15
10,SanDisk SSD PLUS 1TB Internal SSD - SATA III 6 Gb/s,electronics,109.0,175,1,2026-04-23,109.0,4,April,17
10,SanDisk SSD PLUS 1TB Internal SSD - SATA III 6 Gb/s,electronics,109.0,176,1,2026-04-25,109.0,4,April,17
10,SanDisk SSD PLUS 1TB Internal SSD - SATA III 6 Gb/s,electronics,109.0,177,3,2026-04-14,327.0,4,April,16
10,SanDisk SSD PLUS 1TB Internal SSD - SATA III 6 Gb/s,electronics,109.0,178,5,2026-04-21,545.0,4,April,17
10,SanDisk SSD PLUS 1TB Internal SSD - SATA III 6 Gb/s,electronics,109.0,179,2,2026-04-21,218.0,4,April,17
10,SanDisk SSD PLUS 1TB Internal SSD - SATA III 6 Gb/s,electronics,109.0,180,2,2026-05-09,218.0,5,May,19
10,SanDisk SSD PLUS 1TB Internal SSD - SATA III 6 Gb/s,electronics,109.0,181,4,2026-05-04,436.0,5,May,19
10,SanDisk SSD PLUS 1TB Internal SSD - SATA III 6 Gb/s,electronics,109.0,182,5,2026-04-19,545.0,4,April,16
10,SanDisk SSD PLUS 1TB Internal SSD - SATA III 6 Gb/s,electronics,109.0,183,3,2026-04-17,327.0,4,April,16
10,SanDisk SSD PLUS 1TB Internal SSD - SATA III 6 Gb/s,electronics,109.0,184,1,2026-05-07,109.0,5,May,19
10,SanDisk SSD PLUS 1TB Internal SSD - SATA III 6 Gb/s,electronics,109.0,185,5,2026-04-14,545.0,4,April,16
10,SanDisk SSD PLUS 1TB Internal SSD - SATA III 6 Gb/s,electronics,109.0,186,1,2026-05-09,109.0,5,May,19
10,SanDisk SSD PLUS 1TB Internal SSD - SATA III 6 Gb/s,electronics,109.0,187,3,2026-05-09,327.0,5,May,19
10,SanDisk SSD PLUS 1TB Internal SSD - SATA III 6 Gb/s,electronics,109.0,188,1,2026-04-30,109.0,4,April,18
11,Silicon Power 256GB SSD 3D NAND A55 SLC Cache Performance Boost SATA III 2.5,electronics,109.0,189,2,2026-04-16,218.0,4,April,16
11,Silicon Power 256GB SSD 3D NAND A55 SLC Cache Performance Boost SATA III 2.5,electronics,109.0,190,3,2026-04-16,327.0,4,April,16
11,Silicon Power 256GB SSD 3D NAND A55 SLC Cache Performance Boost SATA III 2.5,electronics,109.0,191,1,2026-05-07,109.0,5,May,19
11,Silicon Power 256GB SSD 3D NAND A55 SLC Cache Performance Boost SATA III 2.5,electronics,109.0,192,5,2026-04-17,545.0,4,April,16
11,Silicon Power 256GB SSD 3D NAND A55 SLC Cache Performance Boost SATA III 2.5,electronics,109.0,193,4,2026-04-23,436.0,4,April,17
11,Silicon Power 256GB SSD 3D NAND A55 SLC Cache Performance Boost SATA III 2.5,electronics,109.0,194,5,2026-04-12,545.0,4,April,15
11,Silicon Power 256GB SSD 3D NAND A55 SLC Cache Performance Boost SATA III 2.5,electronics,109.0,195,3,2026-04-19,327.0,4,April,16
11,Silicon Power 256GB SSD 3D NAND A55 SLC Cache Performance Boost SATA III 2.5,electronics,109.0,196,2,2026-04-10,218.0,4,April,15
11,Silicon Power 256GB SSD 3D NAND A55 SLC Cache Performance Boost SATA III 2.5,electronics,109.0,197,1,2026-04-27,109.0,4,April,18
11,Silicon Power 256GB SSD 3D NAND A55 SLC Cache Performance Boost SATA III 2.5,electronics,109.0,198,2,2026-04-25,218.0,4,April,17
11,Silicon Power 256GB SSD 3D NAND A55 SLC Cache Performance Boost SATA III 2.5,electronics,109.0,199,4,2026-04-22,436.0,4,April,17
11,Silicon Power 256GB SSD 3D NAND A55 SLC Cache Performance Boost SATA III 2.5,electronics,109.0,200,4,2026-04-27,436.0,4,April,18
11,Silicon Power 256GB SSD 3D NAND A55 SLC Cache Performance Boost SATA III 2.5,electronics,109.0,201,5,2026-04-29,545.0,4,April,18
11,Silicon Power 256GB SSD 3D NAND A55 SLC Cache Performance Boost SATA III 2.5,electronics,109.0,202,3,2026-04-18,327.0,4,April,16
11,Silicon Power 256GB SSD 3D NAND A55 SLC Cache Performance Boost SATA III 2.5,electronics,109.0,203,1,2026-04-12,109.0,4,April,15
11,Silicon Power 256GB SSD 3D NAND A55 SLC Cache Performance Boost SATA III 2.5,electronics,109.0,204,4,2026-04-15,436.0,4,April,16
11,Silicon Power 256GB SSD 3D NAND A55 SLC Cache Performance Boost SATA III 2.5,electronics,109.0,205,3,2026-04-22,327.0,4,April,17
11,Silicon Power 256GB SSD 3D NAND A55 SLC Cache Performance Boost SATA III 2.5,electronics,109.0,206,5,2026-04-26,545.0,4,April,17
11,Silicon Power 256GB SSD 3D NAND A55 SLC Cache Performance Boost SATA III 2.5,electronics,109.0,207,3,2026-04-30,327.0,4,April,18
11,Silicon Power 256GB SSD 3D NAND A55 SLC Cache Performance Boost SATA III 2.5,electronics,109.0,208,3,2026-05-05,327.0,5,May,19
11,Silicon Power 256GB SSD 3D NAND A55 SLC Cache Performance Boost SATA III 2.5,electronics,109.0,209,5,2026-04-12,545.0,4,April,15
11,Silicon Power 256GB SSD 3D NAND A55 SLC Cache Performance Boost SATA III 2.5,electronics,109.0,210,5,2026-05-01,545.0,5,May,18
11,Silicon Power 256GB SSD 3D NAND A55 SLC Cache Performance Boost SATA III 2.5,electronics,109.0,211,2,2026-04-29,218.0,4,April,18
11,Silicon Power 256GB SSD 3D NAND A55 SLC Cache Performance Boost SATA III 2.5,electronics,109.0,212,5,2026-04-15,545.0,4,April,16
11,Silicon Power 256GB SSD 3D NAND A55 SLC Cache Performance Boost SATA III 2.5,electronics,109.0,213,1,2026-04-15,109.0,4,April,16
12,WD 4TB Gaming Drive Works with Playstation 4 Portable External Hard Drive,electronics,114.0,214,4,2026-04-25,456.0,4,April,17
12,WD 4TB Gaming Drive Works with Playstation 4 Portable External Hard Drive,electronics,114.0,215,4,2026-04-20,456.0,4,April,17
12,WD 4TB Gaming Drive Works with Playstation 4 Portable External Hard Drive,electronics,114.0,216,1,2026-04-11,114.0,4,April,15
12,WD 4TB Gaming Drive Works with Playstation 4 Portable External Hard Drive,electronics,114.0,217,1,2026-05-07,114.0,5,May,19
12,WD 4TB Gaming Drive Works with Playstation 4 Portable External Hard Drive,electronics,114.0,218,2,2026-04-09,228.0,4,April,15
12,WD 4TB Gaming Drive Works with Playstation 4 Portable External Hard Drive,electronics,114.0,219,4,2026-04-30,456.0,4,April,18
12,WD 4TB Gaming Drive Works with Playstation 4 Portable External Hard Drive,electronics,114.0,220,4,2026-05-03,456.0,5,May,18
12,WD 4TB Gaming Drive Works with Playstation 4 Portable External Hard Drive,electronics,114.0,221,5,2026-05-09,570.0,5,May,19
12,WD 4TB Gaming Drive Works with Playstation 4 Portable External Hard Drive,electronics,114.0,222,1,2026-04-20,114.0,4,April,17
12,WD 4TB Gaming Drive Works with Playstation 4 Portable External Hard Drive,electronics,114.0,223,3,2026-05-06,342.0,5,May,19
12,WD 4TB Gaming Drive Works with Playstation 4 Portable External Hard Drive,electronics,114.0,224,4,2026-05-09,456.0,5,May,19
12,WD 4TB Gaming Drive Works with Playstation 4 Portable External Hard Drive,electronics,114.0,225,1,2026-04-10,114.0,4,April,15
12,WD 4TB Gaming Drive Works with Playstation 4 Portable External Hard Drive,electronics,114.0,226,4,2026-04-27,456.0,4,April,18
12,WD 4TB Gaming Drive Works with Playstation 4 Portable External Hard Drive,electronics,114.0,227,3,2026-04-14,342.0,4,April,16
12,WD 4TB Gaming Drive Works with Playstation 4 Portable External Hard Drive,electronics,114.0,228,5,2026-04-23,570.0,4,April,17
12,WD 4TB Gaming Drive Works with Playstation 4 Portable External Hard Drive,electronics,114.0,229,3,2026-04-25,342.0,4,April,17
12,WD 4TB Gaming Drive Works with Playstation 4 Portable External Hard Drive,electronics,114.0,230,4,2026-05-05,456.0,5,May,19
12,WD 4TB Gaming Drive Works with Playstation 4 Portable External Hard Drive,electronics,114.0,231,5,2026-04-09,570.0,4,April,15
12,WD 4TB Gaming Drive Works with Playstation 4 Portable External Hard Drive,electronics,114.0,232,5,2026-04-21,570.0,4,April,17
12,WD 4TB Gaming Drive Works with Playstation 4 Portable External Hard Drive,electronics,114.0,233,2,2026-05-09,228.0,5,May,19
12,WD 4TB Gaming Drive Works with Playstation 4 Portable External Hard Drive,electronics,114.0,234,1,2026-04-25,114.0,4,April,17
12,WD 4TB Gaming Drive Works with Playstation 4 Portable External Hard Drive,electronics,114.0,235,5,2026-04-26,570.0,4,April,17
12,WD 4TB Gaming Drive Works with Playstation 4 Portable External Hard Drive,electronics,114.0,236,4,2026-04-20,456.0,4,April,17
12,WD 4TB Gaming Drive Works with Playstation 4 Portable External Hard Drive,electronics,114.0,237,2,2026-04-16,228.0,4,April,16
13,Acer SB220Q bi 21.5 inches Full HD (1920 x 1080) IPS Ultra-Thin,electronics,599.0,238,1,2026-04-14,599.0,4,April,16
13,Acer SB220Q bi 21.5 inches Full HD (1920 x 1080) IPS Ultra-Thin,electronics,599.0,239,3,2026-04-12,1797.0,4,April,15
13,Acer SB220Q bi 21.5 inches Full HD (1920 x 1080) IPS Ultra-Thin,electronics,599.0,240,2,2026-04-28,1198.0,4,April,18
13,Acer SB220Q bi 21.5 inches Full HD (1920 x 1080) IPS Ultra-Thin,electronics,599.0,241,5,2026-04-09,2995.0,4,April,15
13,Acer SB220Q bi 21.5 inches Full HD (1920 x 1080) IPS Ultra-Thin,electronics,599.0,242,4,2026-05-01,2396.0,5,May,18
13,Acer SB220Q bi 21.5 inches Full HD (1920 x 1080) IPS Ultra-Thin,electronics,599.0,243,5,2026-04-12,2995.0,4,April,15
13,Acer SB220Q bi 21.5 inches Full HD (1920 x 1080) IPS Ultra-Thin,electronics,599.0,244,3,2026-04-15,1797.0,4,April,16
13,Acer SB220Q bi 21.5 inches Full HD (1920 x 1080) IPS Ultra-Thin,electronics,599.0,245,5,2026-04-30,2995.0,4,April,18
13,Acer SB220Q bi 21.5 inches Full HD (1920 x 1080) IPS Ultra-Thin,electronics,599.0,246,3,2026-04-12,1797.0,4,April,15
13,Acer SB220Q bi 21.5 inches Full HD (1920 x 1080) IPS Ultra-Thin,electronics,599.0,247,1,2026-04-16,599.0,4,April,16
13,Acer SB220Q bi 21.5 inches Full HD (1920 x 1080) IPS Ultra-Thin,electronics,599.0,248,5,2026-04-15,2995.0,4,April,16
13,Acer SB220Q bi 21.5 inches Full HD (1920 x 1080) IPS Ultra-Thin,electronics,599.0,249,3,2026-04-30,1797.0,4,April,18
13,Acer SB220Q bi 21.5 inches Full HD (1920 x 1080) IPS Ultra-Thin,electronics,599.0,250,4,2026-05-01,2396.0,5,May,18
13,Acer SB220Q bi 21.5 inches Full HD (1920 x 1080) IPS Ultra-Thin,electronics,599.0,251,2,2026-04-30,1198.0,4,April,18
13,Acer SB220Q bi 21.5 inches Full HD (1920 x 1080) IPS Ultra-Thin,electronics,599.0,252,2,2026-04-24,1198.0,4,April,17
13,Acer SB220Q bi 21.5 inches Full HD (1920 x 1080) IPS Ultra-Thin,electronics,599.0,253,2,2026-04-17,1198.0,4,April,16
13,Acer SB220Q bi 21.5 inches Full HD (1920 x 1080) IPS Ultra-Thin,electronics,599.0,254,3,2026-04-27,1797.0,4,April,18
13,Acer SB220Q bi 21.5 inches Full HD (1920 x 1080) IPS Ultra-Thin,electronics,599.0,255,3,2026-04-12,1797.0,4,April,15
13,Acer SB220Q bi 21.5 inches Full HD (1920 x 1080) IPS Ultra-Thin,electronics,599.0,256,1,2026-04-22,599.0,4,April,17
13,Acer SB220Q bi 21.5 inches Full HD (1920 x 1080) IPS Ultra-Thin,electronics,599.0,257,5,2026-05-08,2995.0,5,May,19
13,Acer SB220Q bi 21.5 inches Full HD (1920 x 1080) IPS Ultra-Thin,electronics,599.0,258,5,2026-05-09,2995.0,5,May,19
13,Acer SB220Q bi 21.5 inches Full HD (1920 x 1080) IPS Ultra-Thin,electronics,599.0,259,3,2026-05-06,1797.0,5,May,19
13,Acer SB220Q bi 21.5 inches Full HD (1920 x 1080) IPS Ultra-Thin,electronics,599.0,260,2,2026-05-02,1198.0,5,May,18
13,Acer SB220Q bi 21.5 inches Full HD (1920 x 1080) IPS Ultra-Thin,electronics,599.0,261,3,2026-05-09,1797.0,5,May,19
13,Acer SB220Q bi 21.5 inches Full HD (1920 x 1080) IPS Ultra-Thin,electronics,599.0,262,1,2026-05-09,599.0,5,May,19
13,Acer SB220Q bi 21.5 inches Full HD (1920 x 1080) IPS Ultra-Thin,electronics,599.0,263,5,2026-04-29,2995.0,4,April,18
13,Acer SB220Q bi 21.5 inches Full HD (1920 x 1080) IPS Ultra-Thin,electronics,599.0,264,4,2026-04-28,2396.0,4,April,18
13,Acer SB220Q bi 21.5 inches Full HD (1920 x 1080) IPS Ultra-Thin,electronics,599.0,265,2,2026-04-10,1198.0,4,April,15
13,Acer SB220Q bi 21.5 inches Full HD (1920 x 1080) IPS Ultra-Thin,electronics,599.0,266,1,2026-04-25,599.0,4,April,17
14,Samsung 49-Inch CHG90 144Hz Curved Gaming Monitor (LC49HG90DMNXZA) – Super Ultrawide Screen QLED ,electronics,999.99,267,1,2026-04-24,999.99,4,April,17
14,Samsung 49-Inch CHG90 144Hz Curved Gaming Monitor (LC49HG90DMNXZA) – Super Ultrawide Screen QLED ,electronics,999.99,268,2,2026-05-01,1999.98,5,May,18
14,Samsung 49-Inch CHG90 144Hz Curved Gaming Monitor (LC49HG90DMNXZA) – Super Ultrawide Screen QLED ,electronics,999.99,269,5,2026-04-14,4999.95,4,April,16
14,Samsung 49-Inch CHG90 144Hz Curved Gaming Monitor (LC49HG90DMNXZA) – Super Ultrawide Screen QLED ,electronics,999.99,270,4,2026-05-07,3999.96,5,May,19
14,Samsung 49-Inch CHG90 144Hz Curved Gaming Monitor (LC49HG90DMNXZA) – Super Ultrawide Screen QLED ,electronics,999.99,271,2,2026-05-05,1999.98,5,May,19
14,Samsung 49-Inch CHG90 144Hz Curved Gaming Monitor (LC49HG90DMNXZA) – Super Ultrawide Screen QLED ,electronics,999.99,272,3,2026-04-29,2999.97,4,April,18
14,Samsung 49-Inch CHG90 144Hz Curved Gaming Monitor (LC49HG90DMNXZA) – Super Ultrawide Screen QLED ,electronics,999.99,273,4,2026-04-27,3999.96,4,April,18
14,Samsung 49-Inch CHG90 144Hz Curved Gaming Monitor (LC49HG90DMNXZA) – Super Ultrawide Screen QLED ,electronics,999.99,274,2,2026-04-09,1999.98,4,April,15
14,Samsung 49-Inch CHG90 144Hz Curved Gaming Monitor (LC49HG90DMNXZA) – Super Ultrawide Screen QLED ,electronics,999.99,275,2,2026-05-01,1999.98,5,May,18
14,Samsung 49-Inch CHG90 144Hz Curved Gaming Monitor (LC49HG90DMNXZA) – Super Ultrawide Screen QLED ,electronics,999.99,276,1,2026-04-11,999.99,4,April,15
14,Samsung 49-Inch CHG90 144Hz Curved Gaming Monitor (LC49HG90DMNXZA) – Super Ultrawide Screen QLED ,electronics,999.99,277,5,2026-04-13,4999.95,4,April,16
14,Samsung 49-Inch CHG90 144Hz Curved Gaming Monitor (LC49HG90DMNXZA) – Super Ultrawide Screen QLED ,electronics,999.99,278,5,2026-04-12,4999.95,4,April,15
14,Samsung 49-Inch CHG90 144Hz Curved Gaming Monitor (LC49HG90DMNXZA) – Super Ultrawide Screen QLED ,electronics,999.99,279,5,2026-04-09,4999.95,4,April,15
14,Samsung 49-Inch CHG90 144Hz Curved Gaming Monitor (LC49HG90DMNXZA) – Super Ultrawide Screen QLED ,electronics,999.99,280,5,2026-04-13,4999.95,4,April,16
14,Samsung 49-Inch CHG90 144Hz Curved Gaming Monitor (LC49HG90DMNXZA) – Super Ultrawide Screen QLED ,electronics,999.99,281,3,2026-05-06,2999.97,5,May,19
14,Samsung 49-Inch CHG90 144Hz Curved Gaming Monitor (LC49HG90DMNXZA) – Super Ultrawide Screen QLED ,electronics,999.99,282,2,2026-04-18,1999.98,4,April,16
14,Samsung 49-Inch CHG90 144Hz Curved Gaming Monitor (LC49HG90DMNXZA) – Super Ultrawide Screen QLED ,electronics,999.99,283,3,2026-04-27,2999.97,4,April,18
14,Samsung 49-Inch CHG90 144Hz Curved Gaming Monitor (LC49HG90DMNXZA) – Super Ultrawide Screen QLED ,electronics,999.99,284,4,2026-04-17,3999.96,4,April,16
14,Samsung 49-Inch CHG90 144Hz Curved Gaming Monitor (LC49HG90DMNXZA) – Super Ultrawide Screen QLED ,electronics,999.99,285,3,2026-04-23,2999.97,4,April,17
15,BIYLACLESEN Women's 3-in-1 Snowboard Jacket Winter Coats,women's clothing,56.99,286,4,2026-04-13,227.96,4,April,16
15,BIYLACLESEN Women's 3-in-1 Snowboard Jacket Winter Coats,women's clothing,56.99,287,2,2026-04-27,113.98,4,April,18
15,BIYLACLESEN Women's 3-in-1 Snowboard Jacket Winter Coats,women's clothing,56.99,288,2,2026-05-09,113.98,5,May,19
15,BIYLACLESEN Women's 3-in-1 Snowboard Jacket Winter Coats,women's clothing,56.99,289,3,2026-05-09,170.97,5,May,19
15,BIYLACLESEN Women's 3-in-1 Snowboard Jacket Winter Coats,women's clothing,56.99,290,4,2026-05-04,227.96,5,May,19
15,BIYLACLESEN Women's 3-in-1 Snowboard Jacket Winter Coats,women's clothing,56.99,291,5,2026-05-03,284.95,5,May,18
15,BIYLACLESEN Women's 3-in-1 Snowboard Jacket Winter Coats,women's clothing,56.99,292,2,2026-04-27,113.98,4,April,18
15,BIYLACLESEN Women's 3-in-1 Snowboard Jacket Winter Coats,women's clothing,56.99,293,2,2026-04-19,113.98,4,April,16
15,BIYLACLESEN Women's 3-in-1 Snowboard Jacket Winter Coats,women's clothing,56.99,294,4,2026-05-08,227.96,5,May,19
15,BIYLACLESEN Women's 3-in-1 Snowboard Jacket Winter Coats,women's clothing,56.99,295,2,2026-05-07,113.98,5,May,19
15,BIYLACLESEN Women's 3-in-1 Snowboard Jacket Winter Coats,women's clothing,56.99,296,5,2026-04-26,284.95,4,April,17
15,BIYLACLESEN Women's 3-in-1 Snowboard Jacket Winter Coats,women's clothing,56.99,297,1,2026-04-24,56.99,4,April,17
15,BIYLACLESEN Women's 3-in-1 Snowboard Jacket Winter Coats,women's clothing,56.99,298,4,2026-04-29,227.96,4,April,18
15,BIYLACLESEN Women's 3-in-1 Snowboard Jacket Winter Coats,women's clothing,56.99,299,1,2026-04-15,56.99,4,April,16
15,BIYLACLESEN Women's 3-in-1 Snowboard Jacket Winter Coats,women's clothing,56.99,300,4,2026-04-23,227.96,4,April,17
15,BIYLACLESEN Women's 3-in-1 Snowboard Jacket Winter Coats,women's clothing,56.99,301,4,2026-04-23,227.96,4,April,17
15,BIYLACLESEN Women's 3-in-1 Snowboard Jacket Winter Coats,women's clothing,56.99,302,4,2026-04-10,227.96,4,April,15
15,BIYLACLESEN Women's 3-in-1 Snowboard Jacket Winter Coats,women's clothing,56.99,303,3,2026-04-27,170.97,4,April,18
15,BIYLACLESEN Women's 3-in-1 Snowboard Jacket Winter Coats,women's clothing,56.99,304,4,2026-05-09,227.96,5,May,19
15,BIYLACLESEN Women's 3-in-1 Snowboard Jacket Winter Coats,women's clothing,56.99,305,3,2026-05-02,170.97,5,May,18
15,BIYLACLESEN Women's 3-in-1 Snowboard Jacket Winter Coats,women's clothing,56.99,306,3,2026-05-09,170.97,5,May,19
15,BIYLACLESEN Women's 3-in-1 Snowboard Jacket Winter Coats,women's clothing,56.99,307,1,2026-04-28,56.99,4,April,18
15,BIYLACLESEN Women's 3-in-1 Snowboard Jacket Winter Coats,women's clothing,56.99,308,3,2026-05-03,170.97,5,May,18
15,BIYLACLESEN Women's 3-in-1 Snowboard Jacket Winter Coats,women's clothing,56.99,309,3,2026-04-21,170.97,4,April,17
15,BIYLACLESEN Women's 3-in-1 Snowboard Jacket Winter Coats,women's clothing,56.99,310,1,2026-04-11,56.99,4,April,15
15,BIYLACLESEN Women's 3-in-1 Snowboard Jacket Winter Coats,women's clothing,56.99,311,1,2026-04-24,56.99,4,April,17
15,BIYLACLESEN Women's 3-in-1 Snowboard Jacket Winter Coats,women's clothing,56.99,312,2,2026-04-26,113.98,4,April,17
16,Lock and Love Women's Removable Hooded Faux Leather Moto Biker Jacket,women's clothing,29.95,313,1,2026-04-13,29.95,4,April,16
16,Lock and Love Women's Removable Hooded Faux Leather Moto Biker Jacket,women's clothing,29.95,314,3,2026-04-28,89.85,4,April,18
16,Lock and Love Women's Removable Hooded Faux Leather Moto Biker Jacket,women's clothing,29.95,315,2,2026-04-10,59.9,4,April,15
16,Lock and Love Women's Removable Hooded Faux Leather Moto Biker Jacket,women's clothing,29.95,316,3,2026-04-12,89.85,4,April,15
16,Lock and Love Women's Removable Hooded Faux Leather Moto Biker Jacket,women's clothing,29.95,317,2,2026-04-26,59.9,4,April,17
16,Lock and Love Women's Removable Hooded Faux Leather Moto Biker Jacket,women's clothing,29.95,318,1,2026-04-09,29.95,4,April,15
16,Lock and Love Women's Removable Hooded Faux Leather Moto Biker Jacket,women's clothing,29.95,319,2,2026-05-02,59.9,5,May,18
16,Lock and Love Women's Removable Hooded Faux Leather Moto Biker Jacket,women's clothing,29.95,320,4,2026-04-17,119.8,4,April,16
16,Lock and Love Women's Removable Hooded Faux Leather Moto Biker Jacket,women's clothing,29.95,321,4,2026-04-10,119.8,4,April,15
16,Lock and Love Women's Removable Hooded Faux Leather Moto Biker Jacket,women's clothing,29.95,322,5,2026-04-19,149.75,4,April,16
16,Lock and Love Women's Removable Hooded Faux Leather Moto Biker Jacket,women's clothing,29.95,323,2,2026-05-01,59.9,5,May,18
16,Lock and Love Women's Removable Hooded Faux Leather Moto Biker Jacket,women's clothing,29.95,324,3,2026-04-25,89.85,4,April,17
16,Lock and Love Women's Removable Hooded Faux Leather Moto Biker Jacket,women's clothing,29.95,325,1,2026-04-09,29.95,4,April,15
16,Lock and Love Women's Removable Hooded Faux Leather Moto Biker Jacket,women's clothing,29.95,326,4,2026-04-17,119.8,4,April,16
16,Lock and Love Women's Removable Hooded Faux Leather Moto Biker Jacket,women's clothing,29.95,327,2,2026-04-10,59.9,4,April,15
16,Lock and Love Women's Removable Hooded Faux Leather Moto Biker Jacket,women's clothing,29.95,328,4,2026-05-05,119.8,5,May,19
16,Lock and Love Women's Removable Hooded Faux Leather Moto Biker Jacket,women's clothing,29.95,329,2,2026-04-17,59.9,4,April,16
16,Lock and Love Women's Removable Hooded Faux Leather Moto Biker Jacket,women's clothing,29.95,330,1,2026-05-04,29.95,5,May,19
16,Lock and Love Women's Removable Hooded Faux Leather Moto Biker Jacket,women's clothing,29.95,331,1,2026-05-03,29.95,5,May,18
16,Lock and Love Women's Removable Hooded Faux Leather Moto Biker Jacket,women's clothing,29.95,332,3,2026-05-02,89.85,5,May,18
16,Lock and Love Women's Removable Hooded Faux Leather Moto Biker Jacket,women's clothing,29.95,333,5,2026-05-06,149.75,5,May,19
16,Lock and Love Women's Removable Hooded Faux Leather Moto Biker Jacket,women's clothing,29.95,334,5,2026-04-29,149.75,4,April,18
16,Lock and Love Women's Removable Hooded Faux Leather Moto Biker Jacket,women's clothing,29.95,335,5,2026-04-11,149.75,4,April,15
17,Rain Jacket Women Windbreaker Striped Climbing Raincoats,women's clothing,39.99,336,4,2026-04-20,159.96,4,April,17
17,Rain Jacket Women Windbreaker Striped Climbing Raincoats,women's clothing,39.99,337,1,2026-04-24,39.99,4,April,17
17,Rain Jacket Women Windbreaker Striped Climbing Raincoats,women's clothing,39.99,338,3,2026-04-20,119.97,4,April,17
17,Rain Jacket Women Windbreaker Striped Climbing Raincoats,women's clothing,39.99,339,2,2026-04-26,79.98,4,April,17
17,Rain Jacket Women Windbreaker Striped Climbing Raincoats,women's clothing,39.99,340,3,2026-04-25,119.97,4,April,17
17,Rain Jacket Women Windbreaker Striped Climbing Raincoats,women's clothing,39.99,341,2,2026-04-09,79.98,4,April,15
17,Rain Jacket Women Windbreaker Striped Climbing Raincoats,women's clothing,39.99,342,2,2026-04-11,79.98,4,April,15
17,Rain Jacket Women Windbreaker Striped Climbing Raincoats,women's clothing,39.99,343,1,2026-05-05,39.99,5,May,19
17,Rain Jacket Women Windbreaker Striped Climbing Raincoats,women's clothing,39.99,344,4,2026-04-19,159.96,4,April,16
17,Rain Jacket Women Windbreaker Striped Climbing Raincoats,women's clothing,39.99,345,3,2026-04-29,119.97,4,April,18
17,Rain Jacket Women Windbreaker Striped Climbing Raincoats,women's clothing,39.99,346,5,2026-05-08,199.95,5,May,19
17,Rain Jacket Women Windbreaker Striped Climbing Raincoats,women's clothing,39.99,347,4,2026-04-11,159.96,4,April,15
17,Rain Jacket Women Windbreaker Striped Climbing Raincoats,women's clothing,39.99,348,4,2026-04-12,159.96,4,April,15
17,Rain Jacket Women Windbreaker Striped Climbing Raincoats,women's clothing,39.99,349,4,2026-04-23,159.96,4,April,17
17,Rain Jacket Women Windbreaker Striped Climbing Raincoats,women's clothing,39.99,350,4,2026-04-15,159.96,4,April,16
17,Rain Jacket Women Windbreaker Striped Climbing Raincoats,women's clothing,39.99,351,2,2026-05-05,79.98,5,May,19
17,Rain Jacket Women Windbreaker Striped Climbing Raincoats,women's clothing,39.99,352,2,2026-04-10,79.98,4,April,15
17,Rain Jacket Women Windbreaker Striped Climbing Raincoats,women's clothing,39.99,353,2,2026-04-11,79.98,4,April,15
17,Rain Jacket Women Windbreaker Striped Climbing Raincoats,women's clothing,39.99,354,4,2026-04-15,159.96,4,April,16
17,Rain Jacket Women Windbreaker Striped Climbing Raincoats,women's clothing,39.99,355,4,2026-04-16,159.96,4,April,16
17,Rain Jacket Women Windbreaker Striped Climbing Raincoats,women's clothing,39.99,356,1,2026-04-26,39.99,4,April,17
17,Rain Jacket Women Windbreaker Striped Climbing Raincoats,women's clothing,39.99,357,5,2026-05-02,199.95,5,May,18
17,Rain Jacket Women Windbreaker Striped Climbing Raincoats,women's clothing,39.99,358,4,2026-04-14,159.96,4,April,16
17,Rain Jacket Women Windbreaker Striped Climbing Raincoats,women's clothing,39.99,359,2,2026-04-21,79.98,4,April,17
18,MBJ Women's Solid Short Sleeve Boat Neck V ,women's clothing,9.85,360,4,2026-05-05,39.4,5,May,19
18,MBJ Women's Solid Short Sleeve Boat Neck V ,women's clothing,9.85,361,5,2026-04-12,49.25,4,April,15
18,MBJ Women's Solid Short Sleeve Boat Neck V ,women's clothing,9.85,362,5,2026-04-10,49.25,4,April,15
18,MBJ Women's Solid Short Sleeve Boat Neck V ,women's clothing,9.85,363,1,2026-04-29,9.85,4,April,18
18,MBJ Women's Solid Short Sleeve Boat Neck V ,women's clothing,9.85,364,3,2026-05-06,29.55,5,May,19
18,MBJ Women's Solid Short Sleeve Boat Neck V ,women's clothing,9.85,365,4,2026-04-15,39.4,4,April,16
18,MBJ Women's Solid Short Sleeve Boat Neck V ,women's clothing,9.85,366,2,2026-05-04,19.7,5,May,19
18,MBJ Women's Solid Short Sleeve Boat Neck V ,women's clothing,9.85,367,2,2026-05-07,19.7,5,May,19
18,MBJ Women's Solid Short Sleeve Boat Neck V ,women's clothing,9.85,368,1,2026-05-03,9.85,5,May,18
18,MBJ Women's Solid Short Sleeve Boat Neck V ,women's clothing,9.85,369,2,2026-04-15,19.7,4,April,16
18,MBJ Women's Solid Short Sleeve Boat Neck V ,women's clothing,9.85,370,4,2026-04-16,39.4,4,April,16
19,Opna Women's Short Sleeve Moisture,women's clothing,7.95,371,3,2026-04-26,23.85,4,April,17
19,Opna Women's Short Sleeve Moisture,women's clothing,7.95,372,4,2026-04-17,31.8,4,April,16
19,Opna Women's Short Sleeve Moisture,women's clothing,7.95,373,2,2026-04-10,15.9,4,April,15
19,Opna Women's Short Sleeve Moisture,women's clothing,7.95,374,2,2026-05-07,15.9,5,May,19
19,Opna Women's Short Sleeve Moisture,women's clothing,7.95,375,1,2026-05-04,7.95,5,May,19
19,Opna Women's Short Sleeve Moisture,women's clothing,7.95,376,3,2026-04-12,23.85,4,April,15
19,Opna Women's Short Sleeve Moisture,women's clothing,7.95,377,3,2026-04-14,23.85,4,April,16
19,Opna Women's Short Sleeve Moisture,women's clothing,7.95,378,4,2026-04-28,31.8,4,April,18
19,Opna Women's Short Sleeve Moisture,women's clothing,7.95,379,5,2026-05-01,39.75,5,May,18
19,Opna Women's Short Sleeve Moisture,women's clothing,7.95,380,2,2026-04-15,15.9,4,April,16
19,Opna Women's Short Sleeve Moisture,women's clothing,7.95,381,5,2026-04-29,39.75,4,April,18
19,Opna Women's Short Sleeve Moisture,women's clothing,7.95,382,5,2026-05-06,39.75,5,May,19
19,Opna Women's Short Sleeve Moisture,women's clothing,7.95,383,1,2026-04-18,7.95,4,April,16
19,Opna Women's Short Sleeve Moisture,women's clothing,7.95,384,5,2026-04-13,39.75,4,April,16
19,Opna Women's Short Sleeve Moisture,women's clothing,7.95,385,4,2026-04-20,31.8,4,April,17
19,Opna Women's Short Sleeve Moisture,women's clothing,7.95,386,2,2026-05-09,15.9,5,May,19
19,Opna Women's Short Sleeve Moisture,women's clothing,7.95,387,5,2026-04-27,39.75,4,April,18
19,Opna Women's Short Sleeve Moisture,women's clothing,7.95,388,5,2026-04-29,39.75,4,April,18
19,Opna Women's Short Sleeve Moisture,women's clothing,7.95,389,3,2026-04-29,23.85,4,April,18
19,Opna Women's Short Sleeve Moisture,women's clothing,7.95,390,4,2026-04-27,31.8,4,April,18
20,DANVOUY Womens T Shirt Casual Cotton Short,women's clothing,12.99,391,1,2026-04-19,12.99,4,April,16
20,DANVOUY Womens T Shirt Casual Cotton Short,women's clothing,12.99,392,4,2026-04-28,51.96,4,April,18
20,DANVOUY Womens T Shirt Casual Cotton Short,women's clothing,12.99,393,2,2026-05-09,25.98,5,May,19
20,DANVOUY Womens T Shirt Casual Cotton Short,women's clothing,12.99,394,1,2026-04-24,12.99,4,April,17
20,DANVOUY Womens T Shirt Casual Cotton Short,women's clothing,12.99,395,3,2026-05-06,38.97,5,May,19
20,DANVOUY Womens T Shirt Casual Cotton Short,women's clothing,12.99,396,1,2026-04-24,12.99,4,April,17
20,DANVOUY Womens T Shirt Casual Cotton Short,women's clothing,12.99,397,5,2026-04-11,64.95,4,April,15
20,DANVOUY Womens T Shirt Casual Cotton Short,women's clothing,12.99,398,3,2026-04-28,38.97,4,April,18
20,DANVOUY Womens T Shirt Casual Cotton Short,women's clothing,12.99,399,2,2026-04-12,25.98,4,April,15
20,DANVOUY Womens T Shirt Casual Cotton Short,women's clothing,12.99,400,3,2026-04-17,38.97,4,April,16
20,DANVOUY Womens T Shirt Casual Cotton Short,women's clothing,12.99,401,1,2026-05-08,12.99,5,May,19
20,DANVOUY Womens T Shirt Casual Cotton Short,women's clothing,12.99,402,4,2026-04-22,51.96,4,April,17
20,DANVOUY Womens T Shirt Casual Cotton Short,women's clothing,12.99,403,3,2026-04-11,38.97,4,April,15
20,DANVOUY Womens T Shirt Casual Cotton Short,women's clothing,12.99,404,1,2026-04-24,12.99,4,April,17
20,DANVOUY Womens T Shirt Casual Cotton Short,women's clothing,12.99,405,2,2026-04-11,25.98,4,April,15
20,DANVOUY Womens T Shirt Casual Cotton Short,women's clothing,12.99,406,3,2026-04-12,38.97,4,April,15
20,DANVOUY Womens T Shirt Casual Cotton Short,women's clothing,12.99,407,5,2026-05-06,64.95,5,May,19
20,DANVOUY Womens T Shirt Casual Cotton Short,women's clothing,12.99,408,1,2026-05-01,12.99,5,May,18
20,DANVOUY Womens T Shirt Casual Cotton Short,women's clothing,12.99,409,5,2026-04-23,64.95,4,April,17
