name,quantity
Pierced Owl Rose Gold Plated Stainless Steel Double,96
Acer SB220Q bi 21.5 inches Full HD (1920 x 1080) IPS Ultra-Thin,88
Solid Gold Petite Micropave ,82
Silicon Power 256GB SSD 3D NAND A55 SLC Cache Performance Boost SATA III 2.5,81
BIYLACLESEN Women's 3-in-1 Snowboard Jacket Winter Coats,77
WD 4TB Gaming Drive Works with Playstation 4 Portable External Hard Drive,77
John Hardy Women's Legends Naga Gold & Silver Dragon Station Chain Bracelet,73
Rain Jacket Women Windbreaker Striped Climbing Raincoats,72
Opna Women's Short Sleeve Moisture,68
Lock and Love Women's Removable Hooded Faux Leather Moto Biker Jacket,65
Samsung 49-Inch CHG90 144Hz Curved Gaming Monitor (LC49HG90DMNXZA) – Super Ultrawide Screen QLED ,61
SanDisk SSD PLUS 1TB Internal SSD - SATA III 6 Gb/s,58
White Gold Plated Princess,51
DANVOUY Womens T Shirt Casual Cotton Short,50
Mens Casual Slim Fit,46
Mens Cotton Jacket,46
WD 2TB Elements Portable External Hard Drive - USB 3.0 ,46
Mens Casual Premium Slim Fit T-Shirts ,43
"Fjallraven - Foldsack No. 1 Backpack, Fits 15 Laptops",37
MBJ Women's Solid Short Sleeve Boat Neck V ,33
